"Date","div_yield"
1871-01-01,0.0585585585585586
1871-02-01,0.0577777777777778
1871-03-01,0.0563991323210412
1871-04-01,0.0548523206751055
1871-05-01,0.0534979423868313
1871-06-01,0.0539419087136929
1871-07-01,0.0549682875264271
1871-08-01,0.0542797494780793
1871-09-01,0.0537190082644628
1871-10-01,0.0566448801742919
1871-11-01,0.0560344827586207
1871-12-01,0.0548523206751055
1872-01-01,0.0541769547325103
1872-02-01,0.0546516393442623
1872-03-01,0.0535714285714286
1872-04-01,0.0527606177606178
1872-05-01,0.0534169884169884
1872-06-01,0.0545808966861598
1872-07-01,0.0555490196078431
1872-08-01,0.0568849206349206
1872-09-01,0.0585858585858586
1872-10-01,0.0590140845070423
1872-11-01,0.0599393939393939
1872-12-01,0.0591715976331361
1873-01-01,0.0591976516634051
1873-02-01,0.0592233009708738
1873-03-01,0.0601761252446184
1873-04-01,0.0615079365079365
1873-05-01,0.0618811881188119
1873-06-01,0.0632530120481928
1873-07-01,0.0638832997987928
1873-08-01,0.0643863179074447
1873-09-01,0.0702614379084967
1873-10-01,0.0775656324582339
1873-11-01,0.0810643564356436
1873-12-01,0.0746606334841629
1874-01-01,0.0708154506437768
1874-02-01,0.06875
1874-03-01,0.0697674418604651
1874-04-01,0.0717391304347826
1874-05-01,0.0736607142857143
1874-06-01,0.0739910313901345
1874-07-01,0.0739910313901345
1874-08-01,0.0738255033557047
1874-09-01,0.0726872246696035
1874-10-01,0.0728476821192053
1874-11-01,0.0722100656455142
1874-12-01,0.0726872246696035
1875-01-01,0.072136563876652
1875-02-01,0.0717439293598234
1875-03-01,0.0702614379084967
1875-04-01,0.0688172043010753
1875-05-01,0.0710290827740492
1875-06-01,0.0719178082191781
1875-07-01,0.0711845102505695
1875-08-01,0.0702947845804989
1875-09-01,0.0703661327231121
1875-10-01,0.0709302325581395
1875-11-01,0.0692219679633867
1875-12-01,0.068649885583524
1876-01-01,0.0672645739910314
1876-02-01,0.0663716814159292
1876-03-01,0.0665188470066519
1876-04-01,0.0691244239631336
1876-05-01,0.0717703349282297
1876-06-01,0.072289156626506
1876-07-01,0.0731707317073171
1876-08-01,0.0763358778625954
1876-09-01,0.0813008130081301
1876-10-01,0.0817438692098093
1876-11-01,0.0833333333333333
1876-12-01,0.0837988826815642
1877-01-01,0.0819154929577465
1877-02-01,0.0843413173652695
1877-03-01,0.0859621451104101
1877-04-01,0.0895578231292517
1877-05-01,0.0864625850340136
1877-06-01,0.0897435897435897
1877-07-01,0.0827368421052632
1877-08-01,0.074327868852459
1877-09-01,0.0671296296296296
1877-10-01,0.0629305135951662
1877-11-01,0.0611042944785276
1877-12-01,0.0584615384615385
1878-01-01,0.0582153846153846
1878-02-01,0.0592138364779874
1878-03-01,0.0578703703703704
1878-04-01,0.0560660660660661
1878-05-01,0.0556287425149701
1878-06-01,0.0542521994134897
1878-07-01,0.0529310344827586
1878-08-01,0.0531304347826087
1878-09-01,0.0518465909090909
1878-10-01,0.0522126436781609
1878-11-01,0.0521037463976945
1878-12-01,0.0521739130434783
1879-01-01,0.0507541899441341
1879-02-01,0.0494070080862534
1879-03-01,0.0506849315068493
1879-04-01,0.0495225464190981
1879-05-01,0.0477918781725888
1879-06-01,0.047979797979798
1879-07-01,0.047450495049505
1879-08-01,0.0474938574938575
1879-09-01,0.0462085308056872
1879-10-01,0.0420299145299145
1879-11-01,0.0402231237322515
1879-12-01,0.040650406504065
1880-01-01,0.0401174168297456
1880-02-01,0.0403846153846154
1880-03-01,0.0405660377358491
1880-04-01,0.0424710424710425
1880-05-01,0.0471698113207547
1880-06-01,0.0480167014613779
1880-07-01,0.0469061876247505
1880-08-01,0.046242774566474
1880-09-01,0.0472972972972973
1880-10-01,0.0469043151969981
1880-11-01,0.0454545454545455
1880-12-01,0.0445205479452055
1881-01-01,0.04281098546042
1881-02-01,0.0437601296596434
1881-03-01,0.0440705128205128
1881-04-01,0.045016077170418
1881-05-01,0.0438461538461538
1881-06-01,0.0440729483282675
1881-07-01,0.0464566929133858
1881-08-01,0.0483870967741935
1881-09-01,0.0488
1881-10-01,0.0504065040650406
1881-11-01,0.0508885298869144
1881-12-01,0.0532445923460899
1882-01-01,0.0540540540540541
1882-02-01,0.0552677029360967
1882-03-01,0.055363321799308
1882-04-01,0.055363321799308
1882-05-01,0.0560420315236427
1882-06-01,0.0563380281690141
1882-07-01,0.0533333333333333
1882-08-01,0.0517799352750809
1882-09-01,0.0512820512820513
1882-10-01,0.0527182866556837
1882-11-01,0.0550774526678141
1882-12-01,0.0547945205479452
1883-01-01,0.0552151462994836
1883-02-01,0.056637323943662
1883-03-01,0.0560869565217391
1883-04-01,0.055076660988075
1883-05-01,0.0561871750433276
1883-06-01,0.0558419243986254
1883-07-01,0.0568586387434555
1883-08-01,0.0597257769652651
1883-09-01,0.0592224231464738
1883-10-01,0.0610223048327138
1883-11-01,0.0602930402930403
1883-12-01,0.0617977528089888
1884-01-01,0.0633783783783784
1884-02-01,0.0614097744360902
1884-03-01,0.0613207547169811
1884-04-01,0.0638932806324111
1884-05-01,0.0691827956989247
1884-06-01,0.0717488789237668
1884-07-01,0.0713677130044843
1884-08-01,0.0668143459915612
1884-09-01,0.0686274509803922
1884-10-01,0.0705630630630631
1884-11-01,0.0716551724137931
1884-12-01,0.0714285714285714
1885-01-01,0.0717452830188679
1885-02-01,0.0682608695652174
1885-03-01,0.0667808219178082
1885-04-01,0.0656064073226545
1885-05-01,0.065
1885-06-01,0.063953488372093
1885-07-01,0.0603587443946188
1885-08-01,0.0559023354564756
1885-09-01,0.0553763440860215
1885-10-01,0.0511585365853659
1885-11-01,0.0469083969465649
1885-12-01,0.0461538461538461
1886-01-01,0.0458269230769231
1886-02-01,0.0446603773584906
1886-03-01,0.0452793834296724
1886-04-01,0.04556640625
1886-05-01,0.0461553784860558
1886-06-01,0.0438095238095238
1886-07-01,0.0428330206378987
1886-08-01,0.0422160148975791
1886-09-01,0.0408348457350272
1886-10-01,0.0395221238938053
1886-11-01,0.0382901554404145
1886-12-01,0.0390070921985816
1887-01-01,0.0398745519713262
1887-02-01,0.0406137184115523
1887-03-01,0.0401234567901235
1887-04-01,0.0396551724137931
1887-05-01,0.0394067796610169
1887-06-01,0.0410122164048866
1887-07-01,0.0424865831842576
1887-08-01,0.0440366972477064
1887-09-01,0.0450743494423792
1887-10-01,0.0471153846153846
1887-11-01,0.0466981132075472
1887-12-01,0.047438330170778
1888-01-01,0.0467608286252354
1888-02-01,0.0467234848484848
1888-03-01,0.0482283464566929
1888-04-01,0.0477058823529412
1888-05-01,0.0467504835589942
1888-06-01,0.0479041916167665
1888-07-01,0.0463618677042802
1888-08-01,0.0450857142857143
1888-09-01,0.0436802973977695
1888-10-01,0.043607476635514
1888-11-01,0.0442175572519084
1888-12-01,0.0447470817120623
1889-01-01,0.0437404580152672
1889-02-01,0.0430754716981132
1889-03-01,0.0438342967244701
1889-04-01,0.0437644787644788
1889-05-01,0.0424436090225564
1889-06-01,0.0415896487985213
1889-07-01,0.0423018867924528
1889-08-01,0.0415828677839851
1889-09-01,0.0404545454545455
1889-10-01,0.0410555555555556
1889-11-01,0.0412710280373832
1889-12-01,0.0413533834586466
1890-01-01,0.0408921933085502
1890-02-01,0.0413533834586466
1890-03-01,0.0416666666666667
1890-04-01,0.0408163265306122
1890-05-01,0.0391459074733096
1890-06-01,0.039426523297491
1890-07-01,0.0397111913357401
1890-08-01,0.0406654343807763
1890-09-01,0.0413533834586466
1890-10-01,0.0433070866141732
1890-11-01,0.0467091295116773
1890-12-01,0.0478260869565217
1891-01-01,0.0454545454545455
1891-02-01,0.0448979591836735
1891-03-01,0.0457380457380457
1891-04-01,0.0442655935613682
1891-05-01,0.0444444444444444
1891-06-01,0.045360824742268
1891-07-01,0.0461215932914046
1891-08-01,0.0446247464503043
1891-09-01,0.0412757973733583
1891-10-01,0.0412757973733583
1891-11-01,0.0419047619047619
1891-12-01,0.0406654343807763
1892-01-01,0.0402359346642468
1892-02-01,0.0404528985507246
1892-03-01,0.0403225806451613
1892-04-01,0.0407001795332136
1892-05-01,0.0409874326750449
1892-06-01,0.0415162454873646
1892-07-01,0.0418231046931408
1892-08-01,0.0415124555160142
1892-09-01,0.0428832116788321
1892-10-01,0.0423434704830054
1892-11-01,0.0427827648114901
1892-12-01,0.043557168784029
1893-01-01,0.0429233511586453
1893-02-01,0.0438656987295826
1893-03-01,0.045668549905838
1893-04-01,0.045819209039548
1893-05-01,0.0504545454545455
1893-06-01,0.0531453362255965
1893-07-01,0.0588038277511962
1893-08-01,0.0604656862745098
1893-09-01,0.0566361556064073
1893-10-01,0.0551777777777778
1893-11-01,0.0545295404814004
1893-12-01,0.0566893424036281
1894-01-01,0.0571064814814815
1894-02-01,0.0555479452054795
1894-03-01,0.0532150776053215
1894-04-01,0.0517943107221007
1894-05-01,0.0530227272727273
1894-06-01,0.0529953917050691
1894-07-01,0.0533411764705882
1894-08-01,0.0506349206349206
1894-09-01,0.0491071428571429
1894-10-01,0.0499308755760369
1894-11-01,0.049147465437788
1894-12-01,0.0488372093023256
1895-01-01,0.0490117647058824
1895-02-01,0.0493317422434367
1895-03-01,0.0489260143198091
1895-04-01,0.0465217391304348
1895-05-01,0.0437527114967462
1895-06-01,0.0425531914893617
1895-07-01,0.0420127118644068
1895-08-01,0.0410647181628392
1895-09-01,0.0404564315352697
1895-10-01,0.0406947368421053
1895-11-01,0.0417647058823529
1895-12-01,0.0439814814814815
1896-01-01,0.0443091334894614
1896-02-01,0.042314606741573
1896-03-01,0.0428082191780822
1896-04-01,0.0422398190045249
1896-05-01,0.0422272727272727
1896-06-01,0.0428240740740741
1896-07-01,0.0455940594059406
1896-08-01,0.0481102362204724
1896-09-01,0.0455112219451372
1896-10-01,0.0443170731707317
1896-11-01,0.0412785388127854
1896-12-01,0.042654028436019
1897-01-01,0.042654028436019
1897-02-01,0.0430622009569378
1897-03-01,0.0429594272076372
1897-04-01,0.0443349753694581
1897-05-01,0.0441176470588235
1897-06-01,0.0421545667447307
1897-07-01,0.0403587443946188
1897-08-01,0.0378947368421053
1897-09-01,0.036144578313253
1897-10-01,0.037344398340249
1897-11-01,0.0387096774193548
1897-12-01,0.0378947368421053
1898-01-01,0.037233606557377
1898-02-01,0.0376386036960986
1898-03-01,0.0397849462365591
1898-04-01,0.0408533916849015
1898-05-01,0.0386652977412731
1898-06-01,0.0375494071146245
1898-07-01,0.037736220472441
1898-08-01,0.0366793168880455
1898-09-01,0.0370722433460076
1898-10-01,0.0381941747572816
1898-11-01,0.0372744360902256
1898-12-01,0.0353982300884956
1899-01-01,0.0330263157894737
1899-02-01,0.0319651347068146
1899-03-01,0.031640625
1899-04-01,0.0313734567901235
1899-05-01,0.0328824476650564
1899-06-01,0.0337726523887974
1899-07-01,0.0327707006369427
1899-08-01,0.0320962732919255
1899-09-01,0.032574568288854
1899-10-01,0.0328548895899054
1899-11-01,0.0323839009287926
1899-12-01,0.0348837209302326
1900-01-01,0.035655737704918
1900-02-01,0.036231884057971
1900-03-01,0.0371405750798722
1900-04-01,0.0378548895899054
1900-05-01,0.040976821192053
1900-06-01,0.0435153583617747
1900-07-01,0.0447952218430034
1900-08-01,0.0454545454545455
1900-09-01,0.0478448275862069
1900-10-01,0.0474209650582363
1900-11-01,0.0451388888888889
1900-12-01,0.0436681222707424
1901-01-01,0.0426732673267327
1901-02-01,0.0418344827586207
1901-03-01,0.040612516644474
1901-04-01,0.0376781326781327
1901-05-01,0.0398835705045278
1901-06-01,0.0364705882352941
1901-07-01,0.0393064312736444
1901-08-01,0.0389676616915423
1901-09-01,0.039375
1901-10-01,0.0400379266750948
1901-11-01,0.0393935643564356
1901-12-01,0.040251572327044
1902-01-01,0.0395073891625616
1902-02-01,0.0392796092796093
1902-03-01,0.0393292682926829
1902-04-01,0.038125
1902-05-01,0.0383215130023641
1902-06-01,0.0386444708680143
1902-07-01,0.0378837209302326
1902-08-01,0.0369988674971687
1902-09-01,0.0370056497175141
1902-10-01,0.0383080513418903
1902-11-01,0.0399514563106796
1902-12-01,0.0409937888198758
1903-01-01,0.0392080378250591
1903-02-01,0.0396313912009512
1903-03-01,0.041460396039604
1903-04-01,0.0434451612903226
1903-05-01,0.0445131578947368
1903-06-01,0.0473537604456825
1903-07-01,0.0498832116788321
1903-08-01,0.0517797888386124
1903-09-01,0.053323029366306
1903-10-01,0.0553833865814696
1903-11-01,0.0554617834394904
1903-12-01,0.0532724505327245
1904-01-01,0.0519011976047904
1904-02-01,0.0528153846153846
1904-03-01,0.0524691358024691
1904-04-01,0.0507078313253012
1904-05-01,0.0512769230769231
1904-06-01,0.0506912442396313
1904-07-01,0.0481858407079646
1904-08-01,0.0461198288159772
1904-09-01,0.0437158469945355
1904-10-01,0.0408645161290323
1904-11-01,0.0383476132190943
1904-12-01,0.0375757575757576
1905-01-01,0.0369750889679715
1905-02-01,0.0356022727272727
1905-03-01,0.0348066298342541
1905-04-01,0.0354250559284116
1905-05-01,0.0374470588235294
1905-06-01,0.0372093023255814
1905-07-01,0.0362683201803833
1905-08-01,0.0351413043478261
1905-09-01,0.0352112676056338
1905-10-01,0.0349038461538462
1905-11-01,0.0352631578947368
1905-12-01,0.0345911949685535
1906-01-01,0.0340222897669706
1906-02-01,0.0348673469387755
1906-03-01,0.0363493723849372
1906-04-01,0.0374655355249205
1906-05-01,0.0391285403050109
1906-06-01,0.039247311827957
1906-07-01,0.0409271523178808
1906-08-01,0.0387153134635149
1906-09-01,0.038135593220339
1906-10-01,0.0399075025693731
1906-11-01,0.0396978851963746
1906-12-01,0.040650406504065
1907-01-01,0.0421861924686192
1907-02-01,0.0439200863930886
1907-03-01,0.0491017964071856
1907-04-01,0.0492610250297974
1907-05-01,0.0514444444444444
1907-06-01,0.0535714285714286
1907-07-01,0.052002457002457
1907-08-01,0.0566666666666667
1907-09-01,0.0577181208053691
1907-10-01,0.0652560240963855
1907-11-01,0.069872
1907-12-01,0.0669710806697108
1908-01-01,0.0637518248175182
1908-02-01,0.0656515151515152
1908-03-01,0.0625909752547307
1908-04-01,0.0589364640883978
1908-05-01,0.055478374836173
1908-06-01,0.0549738219895288
1908-07-01,0.0526136363636364
1908-08-01,0.0500363196125908
1908-09-01,0.0501835985312118
1908-10-01,0.0491777509068924
1908-11-01,0.045673839184598
1908-12-01,0.044296788482835
1909-01-01,0.044514348785872
1909-02-01,0.0462159090909091
1909-03-01,0.0459641255605381
1909-04-01,0.0443454935622318
1909-05-01,0.0432710280373832
1909-06-01,0.0428571428571429
1909-07-01,0.0425855130784708
1909-08-01,0.0419155206286837
1909-09-01,0.042198233562316
1909-10-01,0.042355816226784
1909-11-01,0.0428978388998035
1909-12-01,0.0427184466019417
1910-01-01,0.0438988095238095
1910-02-01,0.0457818930041152
1910-03-01,0.044929718875502
1910-04-01,0.0462962962962963
1910-05-01,0.0473326359832636
1910-06-01,0.05
1910-07-01,0.0529513888888889
1910-08-01,0.0519774011299435
1910-09-01,0.0519079685746352
1910-10-01,0.0498927038626609
1910-11-01,0.0502148227712138
1910-12-01,0.0519337016574586
1911-01-01,0.0507011866235167
1911-02-01,0.0498409331919406
1911-03-01,0.0504291845493562
1911-04-01,0.0506465517241379
1911-05-01,0.04957805907173
1911-06-01,0.0486039296794209
1911-07-01,0.0488058151609553
1911-08-01,0.0512540894220284
1911-09-01,0.0542099192618224
1911-10-01,0.0538990825688073
1911-11-01,0.051819184123484
1911-12-01,0.0515916575192097
1912-01-01,0.0516228070175439
1912-02-01,0.052179203539823
1912-03-01,0.0508064516129032
1912-04-01,0.0493534932221064
1912-05-01,0.0494989561586639
1912-06-01,0.0495824634655532
1912-07-01,0.049614181438999
1912-08-01,0.0485932721712538
1912-09-01,0.0484279918864097
1912-10-01,0.0486077235772358
1912-11-01,0.0492497430626927
1912-12-01,0.0511727078891258
1913-01-01,0.0516129032258064
1913-02-01,0.0535117056856187
1913-03-01,0.0545454545454545
1913-04-01,0.0546075085324232
1913-05-01,0.056140350877193
1913-06-01,0.0591133004926108
1913-07-01,0.0583232077764277
1913-08-01,0.0568047337278107
1913-09-01,0.0562719812426729
1913-10-01,0.0581113801452785
1913-11-01,0.0596273291925466
1913-12-01,0.0597014925373134
1914-01-01,0.0567502986857826
1914-02-01,0.0554245283018868
1914-03-01,0.0558894230769231
1914-04-01,0.0566502463054187
1914-05-01,0.0556915544675643
1914-06-01,0.055350553505535
1914-07-01,0.0579427083333333
1914-08-01,0.0572916666666667
1914-09-01,0.056640625
1914-10-01,0.0559895833333333
1914-11-01,0.0553385416666667
1914-12-01,0.0571428571428571
1915-01-01,0.0562566844919786
1915-02-01,0.0571409214092141
1915-03-01,0.0558124174372523
1915-04-01,0.052002457002457
1915-05-01,0.0533584905660377
1915-06-01,0.0528606965174129
1915-07-01,0.0531585518102372
1915-08-01,0.0511017964071856
1915-09-01,0.049364896073903
1915-10-01,0.0468599562363239
1915-11-01,0.045369978858351
1915-12-01,0.0453586497890295
1916-01-01,0.0472454448017149
1916-02-01,0.0490978260869565
1916-03-01,0.0504362050163577
1916-04-01,0.0521830209481808
1916-05-01,0.0522330097087379
1916-06-01,0.0528846153846154
1916-07-01,0.0547995666305525
1916-08-01,0.0555591397849462
1916-09-01,0.0544938016528926
1916-10-01,0.053937875751503
1916-11-01,0.0537904015670911
1916-12-01,0.0571428571428571
1917-01-01,0.059644723092999
1917-02-01,0.0644186046511628
1917-03-01,0.063641245972073
1917-04-01,0.0657906215921483
1917-05-01,0.0693227990970655
1917-06-01,0.0691371681415929
1917-07-01,0.0723321956769056
1917-08-01,0.0758147713950762
1917-09-01,0.0809729064039409
1917-10-01,0.0870182291666667
1917-11-01,0.0964772727272727
1917-12-01,0.101470588235294
1918-01-01,0.0943134535367545
1918-02-01,0.0901749663526245
1918-03-01,0.0906593406593407
1918-04-01,0.0901525658807212
1918-05-01,0.0860215053763441
1918-06-01,0.0845637583892617
1918-07-01,0.0825565912117177
1918-08-01,0.0804749340369393
1918-09-01,0.0795755968169761
1918-10-01,0.0750636132315522
1918-11-01,0.0719602977667494
1918-12-01,0.0721518987341772
1919-01-01,0.0721910828025478
1919-02-01,0.0714847715736041
1919-03-01,0.0689655172413793
1919-04-01,0.0663528009535161
1919-05-01,0.0616833890746934
1919-06-01,0.0597176981541802
1919-07-01,0.0574868559411146
1919-08-01,0.0612514092446449
1919-09-01,0.0599334073251942
1919-10-01,0.0566737064413939
1919-11-01,0.0580304678998912
1919-12-01,0.0594170403587444
1920-01-01,0.0598301245753114
1920-02-01,0.0650246913580247
1920-03-01,0.0605536332179931
1920-04-01,0.0608488372093023
1920-05-01,0.064727047146402
1920-06-01,0.0656565656565657
1920-07-01,0.0655246523388116
1920-08-01,0.0679868421052632
1920-09-01,0.065438373570521
1920-10-01,0.0651395939086294
1920-11-01,0.0684090909090909
1920-12-01,0.0748898678414097
1921-01-01,0.0711392405063291
1921-02-01,0.0710623229461756
1921-03-01,0.0723110465116279
1921-04-01,0.0713892908827786
1921-05-01,0.0687078651685393
1921-06-01,0.0740458015267176
1921-07-01,0.0736294027565084
1921-08-01,0.073906976744186
1921-09-01,0.071482602118003
1921-10-01,0.0698955223880597
1921-11-01,0.0657507082152975
1921-12-01,0.0629274965800274
1922-01-01,0.0635890410958904
1922-02-01,0.0627747989276139
1922-03-01,0.061046511627907
1922-04-01,0.0580633373934226
1922-05-01,0.0563657678780774
1922-06-01,0.057396449704142
1922-07-01,0.0574853113983549
1922-08-01,0.0558663646659117
1922-09-01,0.0549116997792494
1922-10-01,0.0541792656587473
1922-11-01,0.0574772727272727
1922-12-01,0.0580865603644647
1923-01-01,0.0574943820224719
1923-02-01,0.0553125
1923-03-01,0.0546129374337222
1923-04-01,0.0567802197802198
1923-05-01,0.0597808535178777
1923-06-01,0.0623501199040767
1923-07-01,0.064727047146402
1923-08-01,0.0646049382716049
1923-09-01,0.0644171779141104
1923-10-01,0.0655915317559153
1923-11-01,0.0638814993954051
1923-12-01,0.0619883040935673
1924-01-01,0.0602151755379388
1924-02-01,0.0601240135287486
1924-03-01,0.0614942528735632
1924-04-01,0.0631411764705882
1924-05-01,0.0635537190082645
1924-06-01,0.0625724217844728
1924-07-01,0.0599889258028793
1924-08-01,0.058169164882227
1924-09-01,0.0589189189189189
1924-10-01,0.0598795180722891
1924-11-01,0.0568775933609958
1924-12-01,0.0541338582677165
1925-01-01,0.0523818525519849
1925-02-01,0.0523242736644799
1925-03-01,0.0541385948026949
1925-04-01,0.0551264591439689
1925-05-01,0.0537983034872762
1925-06-01,0.0532407407407407
1925-07-01,0.0521801801801802
1925-08-01,0.0518488888888889
1925-09-01,0.0510425716768028
1925-10-01,0.0497645079899075
1925-11-01,0.0485970636215334
1925-12-01,0.0481540930979133
1926-01-01,0.0480237154150198
1926-02-01,0.0485398579321231
1926-03-01,0.0527095681625741
1926-04-01,0.0548780487804878
1926-05-01,0.0551470588235294
1926-06-01,0.0532617671345995
1926-07-01,0.0517036450079239
1926-08-01,0.0503048780487805
1926-09-01,0.0501126126126126
1926-10-01,0.0518433179723502
1926-11-01,0.0517437452615618
1926-12-01,0.0511489992587102
1927-01-01,0.0519925373134328
1927-02-01,0.0514860907759883
1927-03-01,0.0511896178803172
1927-04-01,0.0504363124560169
1927-05-01,0.0492040816326531
1927-06-01,0.0490261920752183
1927-07-01,0.0484034165571616
1927-08-01,0.0463693075483468
1927-09-01,0.0442739079102715
1927-10-01,0.0453657074340528
1927-11-01,0.0447420867526378
1927-12-01,0.0441008018327606
1928-01-01,0.0443069024529378
1928-02-01,0.0452251732101617
1928-03-01,0.0432876712328767
1928-04-01,0.0410670103092784
1928-05-01,0.040165
1928-06-01,0.0425867507886435
1928-07-01,0.042625260960334
1928-08-01,0.0416228513650152
1928-09-01,0.0392064241851677
1928-10-01,0.0387361111111111
1928-11-01,0.0365698178664354
1928-12-01,0.0367170626349892
1929-01-01,0.0345937248592116
1929-02-01,0.0348139255702281
1929-03-01,0.0346047974832875
1929-04-01,0.0352056962025316
1929-05-01,0.0350740452065472
1929-06-01,0.0347992351816444
1929-07-01,0.0323033707865169
1929-08-01,0.0308970099667774
1929-09-01,0.0300319488817891
1929-10-01,0.0339406931046802
1929-11-01,0.0466472303206997
1929-12-01,0.0453271028037383
1930-01-01,0.0447167204053432
1930-02-01,0.0421196358907672
1930-03-01,0.0406223893065998
1930-04-01,0.0382285938727416
1930-05-01,0.0406934001670844
1930-06-01,0.0453066914498141
1930-07-01,0.0463342830009497
1930-08-01,0.046979316979317
1930-09-01,0.0470404234841193
1930-10-01,0.0545926339285714
1930-11-01,0.0589169675090253
1930-12-01,0.0631850419084462
1931-01-01,0.0604943679599499
1931-02-01,0.0554244186046512
1931-03-01,0.0536223616657159
1931-04-01,0.0584300126103405
1931-05-01,0.0637334263782275
1931-06-01,0.0648882480173035
1931-07-01,0.0618771807397069
1931-08-01,0.0628273381294964
1931-09-01,0.0726965342349958
1931-10-01,0.0826048780487805
1931-11-01,0.0802021174205967
1931-12-01,0.0971563981042654
1932-01-01,0.095578313253012
1932-02-01,0.0931591737545565
1932-03-01,0.089588377723971
1932-04-01,0.113582802547771
1932-05-01,0.124627949183303
1932-06-01,0.138364779874214
1932-07-01,0.126407185628743
1932-08-01,0.0805710491367862
1932-09-01,0.0702179176755448
1932-10-01,0.0777106741573034
1932-11-01,0.074709219858156
1932-12-01,0.0733137829912023
1933-01-01,0.0698166431593794
1933-02-01,0.0784
1933-03-01,0.0778491171749599
1933-04-01,0.06966618287373
1933-05-01,0.0535512965050733
1933-06-01,0.0452358036573628
1933-07-01,0.041406945681211
1933-08-01,0.0431115276476101
1933-09-01,0.0430056710775047
1933-10-01,0.0471204188481675
1933-11-01,0.0455010224948875
1933-12-01,0.0441323971915747
1934-01-01,0.0418216318785579
1934-02-01,0.0390194346289753
1934-03-01,0.0412011173184358
1934-04-01,0.0405952380952381
1934-05-01,0.0452803261977574
1934-06-01,0.0447686116700201
1934-07-01,0.0470749736008448
1934-08-01,0.0490879120879121
1934-09-01,0.0503941441441441
1934-10-01,0.0500893854748603
1934-11-01,0.0488260869565217
1934-12-01,0.0485961123110151
1935-01-01,0.0485961123110151
1935-02-01,0.0501113585746102
1935-03-01,0.0535077288941736
1935-04-01,0.0494100663716814
1935-05-01,0.0454700512820513
1935-06-01,0.0434782608695652
1935-07-01,0.0413145539906103
1935-08-01,0.038698328935796
1935-09-01,0.0378983634797588
1935-10-01,0.037751677852349
1935-11-01,0.0352760736196319
1935-12-01,0.0360429447852761
1936-01-01,0.0348837209302326
1936-02-01,0.0336769759450172
1936-03-01,0.0336473755047106
1936-04-01,0.0347222446236559
1936-05-01,0.0378518807665011
1936-06-01,0.0374404356705242
1936-07-01,0.0366323907455013
1936-08-01,0.037177063642092
1936-09-01,0.038006230529595
1936-10-01,0.0382869745411486
1936-11-01,0.0393625
1936-12-01,0.0422039859320047
1937-01-01,0.0415008527572484
1937-02-01,0.0408614025400331
1937-03-01,0.0414593698175788
1937-04-01,0.0458553791887125
1937-05-01,0.0498461538461539
1937-06-01,0.0537084398976982
1937-07-01,0.049285878092939
1937-08-01,0.0473914575866189
1937-09-01,0.0535838552540014
1937-10-01,0.0635179153094463
1937-11-01,0.0705357142857143
1937-12-01,0.0725952813067151
1938-01-01,0.0701443854995579
1938-02-01,0.0712560688405797
1938-03-01,0.075654704170708
1938-04-01,0.0775194135490394
1938-05-01,0.0754842685370741
1938-06-01,0.0724779627815867
1938-07-01,0.058278839869281
1938-08-01,0.0557812347684809
1938-09-01,0.0561702127659574
1938-10-01,0.0467075038284839
1938-11-01,0.0428462127008416
1938-12-01,0.0401891252955083
1939-01-01,0.04106664
1939-02-01,0.0416666935483871
1939-03-01,0.0419693301049233
1939-04-01,0.0483225300092336
1939-05-01,0.0468982190560997
1939-06-01,0.0463692038495188
1939-07-01,0.0461144321093083
1939-08-01,0.0476603119584056
1939-09-01,0.0438527799530149
1939-10-01,0.0449612403100775
1939-11-01,0.0473559589581689
1939-12-01,0.0501212611156023
1940-01-01,0.0506774796747967
1940-02-01,0.0512820785597381
1940-03-01,0.0518518518518519
1940-04-01,0.0518881010594947
1940-05-01,0.0608065217391304
1940-06-01,0.0672182006204757
1940-07-01,0.0657324324324324
1940-08-01,0.0650326470588235
1940-09-01,0.0630291627469426
1940-10-01,0.0624417520969245
1940-11-01,0.0610200364298725
1940-12-01,0.063627730294397
1941-01-01,0.0638230331753554
1941-02-01,0.0684193124368049
1941-03-01,0.0683417085427136
1941-04-01,0.0708851659751037
1941-05-01,0.0728172852598091
1941-06-01,0.0706967213114754
1941-07-01,0.0675763157894737
1941-08-01,0.0682337904015671
1941-09-01,0.068359375
1941-10-01,0.0715496439471007
1941-11-01,0.0754180362860192
1941-12-01,0.0810502283105023
1942-01-01,0.0787606942889138
1942-02-01,0.0805395375722543
1942-03-01,0.0843520782396088
1942-04-01,0.086734693877551
1942-05-01,0.0844892812105927
1942-06-01,0.0792316926770708
1942-07-01,0.0748457175925926
1942-08-01,0.0737291036088475
1942-09-01,0.0714285714285714
1942-10-01,0.065450643776824
1942-11-01,0.0633579725448786
1942-12-01,0.0619747899159664
1943-01-01,0.0584737363726462
1943-02-01,0.0551917680074836
1943-03-01,0.053297199638663
1943-04-01,0.0515734265734266
1943-05-01,0.0496215306980656
1943-06-01,0.0487603305785124
1943-07-01,0.0480431578947368
1943-08-01,0.0508234241908007
1943-09-01,0.0500417014178482
1943-10-01,0.0507856060606061
1943-11-01,0.0535451897616946
1943-12-01,0.0531358885017422
1944-01-01,0.05175805907173
1944-02-01,0.0523931180968564
1944-03-01,0.0512396694214876
1944-04-01,0.0524249789739277
1944-05-01,0.0517906611570248
1944-06-01,0.0497237569060773
1944-07-01,0.0487179230769231
1944-08-01,0.0497007806401249
1944-09-01,0.0507936507936508
1944-10-01,0.0495739736638265
1944-11-01,0.0499219968798752
1944-12-01,0.0488549618320611
1945-01-01,0.0476896219421794
1945-02-01,0.0463893113342898
1945-03-01,0.0466618808327351
1945-04-01,0.0455182072829132
1945-05-01,0.043859649122807
1945-06-01,0.0430748840291584
1945-07-01,0.0442038565629229
1945-08-01,0.0442796358732299
1945-09-01,0.0416666666666667
1945-10-01,0.04
1945-11-01,0.0387323943661972
1945-12-01,0.0380842469705713
1946-01-01,0.036995948945616
1946-02-01,0.0372624792473713
1946-03-01,0.0387906446092413
1946-04-01,0.0364415862808146
1946-05-01,0.0363636363636364
1946-06-01,0.0365984930032293
1946-07-01,0.037857783933518
1946-08-01,0.0387947457627119
1946-09-01,0.0457256461232604
1946-10-01,0.0472316610169492
1946-11-01,0.0478783526208305
1946-12-01,0.0469266358228685
1947-01-01,0.0468989480604865
1947-02-01,0.045358670886076
1947-03-01,0.0474934036939314
1947-04-01,0.0502282876712329
1947-05-01,0.0520688284518828
1947-06-01,0.0512129380053908
1947-07-01,0.0488268864933418
1947-08-01,0.0504527813712807
1947-09-01,0.052456839309429
1947-10-01,0.0522114563106796
1947-11-01,0.0539183366077276
1947-12-01,0.0558882235528942
1948-01-01,0.0568666891436278
1948-02-01,0.060047304964539
1948-03-01,0.0594405594405594
1948-04-01,0.0551948051948052
1948-05-01,0.0526315789473684
1948-06-01,0.0505350772889417
1948-07-01,0.0521721680876979
1948-08-01,0.054161417816813
1948-09-01,0.0552030456852792
1948-10-01,0.0549722050648548
1948-11-01,0.0595160235448005
1948-12-01,0.0612244897959184
1949-01-01,0.0616319661458333
1949-02-01,0.0652222748815166
1949-03-01,0.0657276995305164
1949-04-01,0.0667114170584285
1949-05-01,0.0681102841677943
1949-06-01,0.0730136005726557
1949-07-01,0.0695575880758808
1949-08-01,0.0675820797907129
1949-09-01,0.0671400903808909
1949-10-01,0.067547514159849
1949-11-01,0.0686945996275605
1949-12-01,0.0689238210399033
1950-01-01,0.068127962085308
1950-02-01,0.0674026728646136
1950-03-01,0.0674351585014409
1950-04-01,0.0661434977578475
1950-05-01,0.0645336225596529
1950-06-01,0.064034151547492
1950-07-01,0.0715379746835443
1950-08-01,0.0698138903960933
1950-09-01,0.069706498951782
1950-10-01,0.0692838449924509
1950-11-01,0.0717766011094302
1950-12-01,0.0744303797468354
1951-01-01,0.0700928807166431
1951-02-01,0.0683331818181818
1951-03-01,0.0702727693018955
1951-04-01,0.0699511861313869
1951-05-01,0.0705275877792978
1951-06-01,0.0723897911832947
1951-07-01,0.0705275877792978
1951-08-01,0.0669868938401049
1951-09-01,0.0647359454855196
1951-10-01,0.0634987157534247
1951-11-01,0.0637018934390136
1951-12-01,0.0602306706535668
1952-01-01,0.058426209177346
1952-02-01,0.0596492631578947
1952-03-01,0.0596388072238555
1952-04-01,0.0602358887952822
1952-05-01,0.0606826801517067
1952-06-01,0.0594749794913864
1952-07-01,0.0578149920255183
1952-08-01,0.0575853852263701
1952-09-01,0.0585149313962873
1952-10-01,0.059219703215169
1952-11-01,0.0568649620455453
1952-12-01,0.054147465437788
1953-01-01,0.0538579067990833
1953-02-01,0.0545243619489559
1953-03-01,0.0542516352443247
1953-04-01,0.0571966815054634
1953-05-01,0.0570318035426731
1953-06-01,0.0592901878914405
1953-07-01,0.0584602717167559
1953-08-01,0.058220582205822
1953-09-01,0.061022776106575
1953-10-01,0.0596579057154777
1953-11-01,0.0587755102040816
1953-12-01,0.058397100281917
1954-01-01,0.0572140612725844
1954-02-01,0.056238662567256
1954-03-01,0.055325555137373
1954-04-01,0.052961635903004
1954-05-01,0.0507020536025061
1954-06-01,0.0500690607734807
1954-07-01,0.0483461666113508
1954-08-01,0.047618939147413
1954-09-01,0.0467408585055644
1954-10-01,0.046405531385954
1954-11-01,0.0453549641148325
1954-12-01,0.0440377466399771
1955-01-01,0.0434457865168539
1955-02-01,0.0422215275890188
1955-03-01,0.0427397260273973
1955-04-01,0.0414017478813559
1955-05-01,0.0416667553191489
1955-06-01,0.0394670688788336
1955-07-01,0.0371672522839072
1955-08-01,0.0377876502474664
1955-09-01,0.0365358592692828
1955-10-01,0.0386290667299929
1955-11-01,0.03633659621802
1955-12-01,0.0361472338549702
1956-01-01,0.0378255945639864
1956-02-01,0.0382624352914697
1956-03-01,0.036428721836176
1956-04-01,0.0364896982310094
1956-05-01,0.0381751181779115
1956-06-01,0.0389020963907499
1956-07-01,0.0371736367363674
1956-08-01,0.0376710661992163
1956-09-01,0.0392826643894108
1956-10-01,0.0390715830449827
1956-11-01,0.0387528409090909
1956-12-01,0.0374677002583979
1957-01-01,0.0382273827867048
1957-02-01,0.0398741660915574
1957-03-01,0.0392913922325687
1957-04-01,0.0384017758046615
1957-05-01,0.0369816160752458
1957-06-01,0.0363827549947424
1957-07-01,0.0358688930117502
1957-08-01,0.0381762652705061
1957-09-01,0.0400181900864029
1957-10-01,0.0429194956353055
1957-11-01,0.0441140024783147
1957-12-01,0.0443838333746591
1958-01-01,0.043368920233463
1958-02-01,0.0430603490063015
1958-03-01,0.0420327713132273
1958-04-01,0.0414896079357581
1958-05-01,0.0398931350114416
1958-06-01,0.038659217877095
1958-07-01,0.0376250543714659
1958-08-01,0.0362683438155136
1958-09-01,0.0353349673202614
1958-10-01,0.0340857703631011
1958-11-01,0.0332062857142857
1958-12-01,0.0327163955879604
1959-01-01,0.0315834232290543
1959-02-01,0.0321951798429797
1959-03-01,0.031517094017094
1959-04-01,0.031115061295972
1959-05-01,0.0307682884748102
1959-06-01,0.0311521058127393
1959-07-01,0.0300748242383663
1959-08-01,0.0303590909090909
1959-09-01,0.031726555652936
1959-10-01,0.0318714035087719
1959-11-01,0.0318596889743142
1959-12-01,0.0309854385370809
1960-01-01,0.0321673272445287
1960-02-01,0.0341220867694514
1960-03-01,0.0352599054889131
1960-04-01,0.0348704467970572
1960-05-01,0.0352529880478088
1960-06-01,0.0340551868669228
1960-07-01,0.0349212034383954
1960-08-01,0.0345071668731198
1960-09-01,0.0355774493705528
1960-10-01,0.0362925739810162
1960-11-01,0.0351541373715522
1960-12-01,0.034330985915493
1961-01-01,0.03259661754856
1961-02-01,0.0312583239504584
1961-03-01,0.0302557704304429
1961-04-01,0.0294698465745101
1961-05-01,0.0291729323308271
1961-06-01,0.0295641572691253
1961-07-01,0.029747402200489
1961-08-01,0.0288144269066234
1961-09-01,0.0291406482307464
1961-10-01,0.0291176470588235
1961-11-01,0.028137310073157
1961-12-01,0.0281572344577641
1962-01-01,0.0293422614738671
1962-02-01,0.0289565650811735
1962-03-01,0.0290226205719163
1962-04-01,0.0300759735488611
1962-05-01,0.0325977139228449
1962-06-01,0.0370303792917491
1962-07-01,0.0362764612954186
1962-08-01,0.0354294258373206
1962-09-01,0.0358620689655172
1962-10-01,0.0373272209364429
1962-11-01,0.0351987008660893
1962-12-01,0.0340038314176245
1963-01-01,0.0328415308945589
1963-02-01,0.0325141080097087
1963-03-01,0.0327394548500076
1963-04-01,0.03151061663758
1963-05-01,0.0311281722269746
1963-06-01,0.0313792611610327
1963-07-01,0.0318999565658028
1963-08-01,0.0310886165116934
1963-09-01,0.0303363074811256
1963-10-01,0.0305809941120088
1963-11-01,0.0310750481960892
1963-12-01,0.0307401914520696
1964-01-01,0.0300414650098103
1964-02-01,0.0298918464917948
1964-03-01,0.0295685279187817
1964-04-01,0.0293553915436577
1964-05-01,0.0292781219028741
1964-06-01,0.0296610169491525
1964-07-01,0.0288392213410238
1964-08-01,0.0295121951219512
1964-09-01,0.029253087159813
1964-10-01,0.0289923394225103
1964-11-01,0.0290262172284644
1964-12-01,0.0297760838494521
1965-01-01,0.0292228286112401
1965-02-01,0.02920265129683
1965-03-01,0.0293677300472187
1965-04-01,0.0292145049448676
1965-05-01,0.0290098566308244
1965-06-01,0.0306914393226717
1965-07-01,0.0309347544458839
1965-08-01,0.0305622615331252
1965-09-01,0.0297605728350862
1965-10-01,0.0293248714301346
1965-11-01,0.0293000542593597
1965-12-01,0.0296522402703587
1966-01-01,0.0293613373339048
1966-02-01,0.0297766749379653
1966-03-01,0.0312781278127813
1966-04-01,0.0305313318777293
1966-05-01,0.032419105784743
1966-06-01,0.0328840343946084
1966-07-01,0.0332013047530289
1966-08-01,0.0355858648481091
1966-09-01,0.0371417555584115
1966-10-01,0.0373827304550758
1966-11-01,0.0355188294851216
1966-12-01,0.0352883314889955
1967-01-01,0.0341030195381883
1967-02-01,0.0330815018315018
1967-03-01,0.0324312234399463
1967-04-01,0.031882145998241
1967-05-01,0.0313208769845556
1967-06-01,0.031718254402275
1967-07-01,0.0312511557897
1967-08-01,0.0308321515504286
1967-09-01,0.0304769857008663
1967-10-01,0.0305247752456617
1967-11-01,0.0315130584934168
1967-12-01,0.0306400839454355
1968-01-01,0.0308291245791246
1968-02-01,0.032396694214876
1968-03-01,0.033112582781457
1968-04-01,0.030974495662172
1968-05-01,0.0304145294778788
1968-06-01,0.0297512437810945
1968-07-01,0.0299434695912263
1968-08-01,0.0307478340638059
1968-09-01,0.0299111549851925
1968-10-01,0.0293191714836224
1968-11-01,0.0290006641366224
1968-12-01,0.0288262910798122
1969-01-01,0.0301960784313725
1969-02-01,0.0304433497536946
1969-03-01,0.0312185297079557
1969-04-01,0.0307008884501481
1969-05-01,0.0298279158699809
1969-06-01,0.0315715150292516
1969-07-01,0.0331186780698976
1969-08-01,0.0333757698025058
1969-09-01,0.0333298063696963
1969-10-01,0.0330122487437186
1969-11-01,0.0328102068392059
1969-12-01,0.0346833497969487
1970-01-01,0.0350274609677777
1970-02-01,0.0363316888480955
1970-03-01,0.0357586012408347
1970-04-01,0.036920651541594
1970-05-01,0.0417653168551144
1970-06-01,0.0420690567535388
1970-07-01,0.0420408082408875
1970-08-01,0.0408966889117043
1970-09-01,0.0386292080406878
1970-10-01,0.0376120659002015
1970-11-01,0.0374545562411011
1970-12-01,0.0348695169350361
1971-01-01,0.0334795165258316
1971-02-01,0.0321285140562249
1971-03-01,0.0312248995983936
1971-04-01,0.0301618446601942
1971-05-01,0.0305445866141732
1971-06-01,0.0310870437224228
1971-07-01,0.031279494949495
1971-08-01,0.0318112916495269
1971-09-01,0.0310865191146881
1971-10-01,0.0316921574673656
1971-11-01,0.0331609183013581
1971-12-01,0.0309569426237774
1972-01-01,0.0297192642787996
1972-02-01,0.0291825095057034
1972-03-01,0.0285051067780873
1972-04-01,0.0282169117647059
1972-05-01,0.0285051067780873
1972-06-01,0.0284259259259259
1972-07-01,0.0286691231343284
1972-08-01,0.0277177477477477
1972-09-01,0.0281535648994516
1972-10-01,0.0283150547445256
1972-11-01,0.0271648132059079
1972-12-01,0.0268085106382979
1973-01-01,0.0266610641891892
1973-02-01,0.0276999124343257
1973-03-01,0.028202846975089
1973-04-01,0.0288909338168631
1973-05-01,0.0298818097014925
1973-06-01,0.0307251908396947
1973-07-01,0.0305923440453686
1973-08-01,0.0313422928709056
1973-09-01,0.0309659090909091
1973-10-01,0.0301153916211293
1973-11-01,0.0327777450980392
1973-12-01,0.0356615319687698
1974-01-01,0.0353761315159713
1974-02-01,0.0365971107544141
1974-03-01,0.035303776683087
1974-04-01,0.0374215877136059
1974-05-01,0.0388089662094346
1974-06-01,0.038979841853213
1974-07-01,0.0445088891690833
1974-08-01,0.0468236222543733
1974-09-01,0.0527011156782149
1974-10-01,0.0517472638248848
1974-11-01,0.0501347923055478
1974-12-01,0.0536752646488743
1975-01-01,0.0499356394707828
1975-02-01,0.0455264669163546
1975-03-01,0.0438052041059919
1975-04-01,0.0434765108593012
1975-05-01,0.0410285238623751
1975-06-01,0.0401515151515151
1975-07-01,0.0401124445886042
1975-08-01,0.0432854976082137
1975-09-01,0.0438171725522617
1975-10-01,0.04177486733657
1975-11-01,0.0409681358943044
1975-12-01,0.0414881623449831
1976-01-01,0.0380273590749535
1976-02-01,0.0366468190854871
1976-03-01,0.0364985163204748
1976-04-01,0.0364409224730128
1976-05-01,0.0369236166007905
1976-06-01,0.0369351669941061
1976-07-01,0.0363723608445298
1976-08-01,0.0369796708615682
1976-09-01,0.0364928909952607
1976-10-01,0.0384364082433759
1976-11-01,0.0393609683794466
1976-12-01,0.0386819484240688
1977-01-01,0.0394669556840077
1977-02-01,0.0410230693069307
1977-03-01,0.0416500994035785
1977-04-01,0.0428740030287733
1977-05-01,0.0435736127987039
1977-06-01,0.0439117735925068
1977-07-01,0.0439787425149701
1977-08-01,0.0455583631713555
1977-09-01,0.0467629637327237
1977-10-01,0.0486096650309366
1977-11-01,0.0489322231650403
1977-12-01,0.049776167128544
1978-01-01,0.0522252631578947
1978-02-01,0.0534577433131041
1978-03-01,0.0540418824589057
1978-04-01,0.0521698845863445
1978-05-01,0.0500290524586798
1978-06-01,0.0502764693835757
1978-07-01,0.050896902973557
1978-08-01,0.0479627526467757
1978-09-01,0.0483156881616939
1978-10-01,0.0500663021868787
1978-11-01,0.0533558230387499
1978-12-01,0.0527520549370513
1979-01-01,0.0512820178517701
1979-02-01,0.0524958770233126
1979-03-01,0.051948051948052
1979-04-01,0.0513875612144956
1979-05-01,0.0530766068384639
1979-06-01,0.0525073746312684
1979-07-01,0.0525479065238559
1979-08-01,0.0507758845437616
1979-09-01,0.0507366482504604
1979-10-01,0.0531738755980861
1979-11-01,0.0540340405014465
1979-12-01,0.0524118738404453
1980-01-01,0.0513976555455365
1980-02-01,0.0498699045967042
1980-03-01,0.055396370582617
1980-04-01,0.056763786407767
1980-05-01,0.054719870009285
1980-06-01,0.0518324607329843
1980-07-01,0.0499443238731219
1980-08-01,0.048798947368421
1980-09-01,0.0479841897233202
1980-10-01,0.0468509984639017
1980-11-01,0.0451731761238025
1980-12-01,0.0461423220973783
1981-01-01,0.0466165413533835
1981-02-01,0.0485981308411215
1981-03-01,0.0471471471471472
1981-04-01,0.0469990327380952
1981-05-01,0.0482409263477601
1981-06-01,0.0482993197278912
1981-07-01,0.0498321456235476
1981-08-01,0.0499743055555556
1981-09-01,0.0551141166525782
1981-10-01,0.0547301335559265
1981-11-01,0.0536479251423922
1981-12-01,0.0535541195476575
1982-01-01,0.0567774936061381
1982-02-01,0.0584279475982533
1982-03-01,0.0606498194945848
1982-04-01,0.0580395528804815
1982-05-01,0.0582474226804124
1982-06-01,0.0620783956244303
1982-07-01,0.0623704753199269
1982-08-01,0.0623215132178669
1982-09-01,0.0559640522875817
1982-10-01,0.0516704596834966
1982-11-01,0.0496982621288921
1982-12-01,0.0492826398852224
1983-01-01,0.0477015246015246
1983-02-01,0.0469800408719346
1983-03-01,0.0454904542462146
1983-04-01,0.0438807863031072
1983-05-01,0.0422303473491773
1983-06-01,0.0417067307692308
1983-07-01,0.0416766467065868
1983-08-01,0.0429802955665025
1983-09-01,0.041866028708134
1983-10-01,0.0419200954084675
1983-11-01,0.0427360774818402
1983-12-01,0.0431265206812652
1984-01-01,0.0427884615384615
1984-02-01,0.0454545454545455
1984-03-01,0.0456162642947903
1984-04-01,0.0458333121827411
1984-05-01,0.0464027458492976
1984-06-01,0.0477465708687133
1984-07-01,0.0485329583057578
1984-08-01,0.044748600973236
1984-09-01,0.0444310656231186
1984-10-01,0.0450849514563107
1984-11-01,0.0449789536981359
1984-12-01,0.0457750759878419
1985-01-01,0.0441336247086247
1985-02-01,0.042104311774461
1985-03-01,0.0426978818283166
1985-04-01,0.0425618493909192
1985-05-01,0.0417162249864792
1985-06-01,0.0409740603493912
1985-07-01,0.0403809350649351
1985-08-01,0.041458682952735
1985-09-01,0.0425855513307985
1985-10-01,0.0422126745435016
1985-11-01,0.0398987341772152
1985-12-01,0.0381090207428847
1986-01-01,0.0381364073006724
1986-02-01,0.0363719234275296
1986-03-01,0.0345243219974171
1986-04-01,0.033809537815126
1986-05-01,0.0338504402515723
1986-06-01,0.0330207908683245
1986-07-01,0.0339022897585346
1986-08-01,0.0334149795918367
1986-09-01,0.0345362987830466
1986-10-01,0.0347374473462511
1986-11-01,0.0337141166870665
1986-12-01,0.0333065164923572
1987-01-01,0.0313799621928166
1987-02-01,0.0296190815236739
1987-03-01,0.0285128205128205
1987-04-01,0.0290356031800899
1987-05-01,0.0292632307160152
1987-06-01,0.0282680822826808
1987-07-01,0.0276255079006772
1987-08-01,0.0261485428051002
1987-09-01,0.0271728898650769
1987-10-01,0.0310849393290507
1987-11-01,0.0357551020408163
1987-12-01,0.0365560165975104
1988-01-01,0.0353559680638723
1988-02-01,0.034495660596668
1988-03-01,0.0336846066992849
1988-04-01,0.0344376618431074
1988-05-01,0.0356761811792269
1988-06-01,0.034096786110085
1988-07-01,0.0345844295800818
1988-08-01,0.0355833522942738
1988-09-01,0.0352985074626866
1988-10-01,0.0344268204758472
1988-11-01,0.0355719557195572
1988-12-01,0.0352622061482821
1989-01-01,0.0343844779257183
1989-02-01,0.0336621428571429
1989-03-01,0.0341988384010933
1989-04-01,0.0333665233212041
1989-05-01,0.0324730805989169
1989-06-01,0.0320358356502935
1989-07-01,0.0314049412473637
1989-08-01,0.0304290248124639
1989-09-01,0.0308954794126116
1989-10-01,0.0310785837651123
1989-11-01,0.0321084656084656
1989-12-01,0.0317269076305221
1990-01-01,0.0327675971409242
1990-02-01,0.0339839612649417
1990-03-01,0.033445606570939
1990-04-01,0.0338183807439825
1990-05-01,0.0329858672376874
1990-06-01,0.0323538388967507
1990-07-01,0.0325714523789684
1990-08-01,0.0356260015117158
1990-09-01,0.0375067372626106
1990-10-01,0.038834006251628
1990-11-01,0.0381023819340924
1990-12-01,0.0367756653992395
1991-01-01,0.0371953055393407
1991-02-01,0.0334381383536686
1991-03-01,0.0325292790372838
1991-04-01,0.0319479561736199
1991-05-01,0.0321172517791476
1991-06-01,0.0321182161833514
1991-07-01,0.0320682218657129
1991-08-01,0.031424499229584
1991-09-01,0.0317148760330579
1991-10-01,0.0316720947063689
1991-11-01,0.0316819548092869
1991-12-01,0.0314020231139482
1992-01-01,0.0294174197269756
1992-02-01,0.0297653674617025
1992-03-01,0.0302435192458759
1992-04-01,0.030239807564861
1992-05-01,0.0297003447361443
1992-06-01,0.0301761089475102
1992-07-01,0.0297393085170461
1992-08-01,0.0295903620223482
1992-09-01,0.0296310456891608
1992-10-01,0.0300283636363636
1992-11-01,0.0292860183520954
1992-12-01,0.0284409145165733
1993-01-01,0.02852124164235
1993-02-01,0.0281790808240887
1993-03-01,0.0277234760973876
1993-04-01,0.0281964882188318
1993-05-01,0.0280891633913532
1993-06-01,0.0279426862473776
1993-07-01,0.0279907889735965
1993-08-01,0.0275691982471979
1993-09-01,0.0272624335859246
1993-10-01,0.0270316878637637
1993-11-01,0.0271338762989047
1993-12-01,0.0269986050005365
1994-01-01,0.026688302078268
1994-02-01,0.026860129776496
1994-03-01,0.0274034626247817
1994-04-01,0.0285161997182658
1994-05-01,0.0283803504102905
1994-06-01,0.0282303278147879
1994-07-01,0.0285112981834293
1994-08-01,0.027787351369981
1994-09-01,0.0276683227685455
1994-10-01,0.0280573941915871
1994-11-01,0.0284087113077807
1994-12-01,0.0289329730442233
1995-01-01,0.028328855454057
1995-02-01,0.0273489375830013
1995-03-01,0.02670587042482
1995-04-01,0.0260741076174913
1995-05-01,0.0254036769057483
1995-06-01,0.0247705571521276
1995-07-01,0.0241132461381129
1995-08-01,0.024163402550482
1995-09-01,0.0234635520154811
1995-10-01,0.0234165923282783
1995-11-01,0.023038302016691
1995-12-01,0.0224384529020291
1996-01-01,0.0226120568991895
1996-02-01,0.0215486344182037
1996-03-01,0.0217905327089805
1996-04-01,0.0218747778790735
1996-05-01,0.0214952437124752
1996-06-01,0.0213462976813762
1996-07-01,0.0223578182495691
1996-08-01,0.0219261181867568
1996-09-01,0.0217223802750119
1996-10-01,0.0210133150856784
1996-11-01,0.0201449019261354
1996-12-01,0.0200470904809956
1997-01-01,0.0195156743494036
1997-02-01,0.018796202357244
1997-03-01,0.0190113108462937
1997-04-01,0.0197574385087639
1997-05-01,0.0181573419438476
1997-06-01,0.0173002088349747
1997-07-01,0.0164453306530925
1997-08-01,0.0164717872395496
1997-09-01,0.0163603765127745
1997-10-01,0.0161767736237857
1997-11-01,0.0164479401865974
1997-12-01,0.0161060714693933
1998-01-01,0.016141421690749
1998-02-01,0.0152382440854123
1998-03-01,0.0145241124411467
1998-04-01,0.0141611221003417
1998-05-01,0.0142996337128525
1998-06-01,0.014390241701928
1998-07-01,0.0138483286932162
1998-08-01,0.0149664997859709
1998-09-01,0.0158136071484559
1998-10-01,0.0156582757852528
1998-11-01,0.014140926050523
1998-12-01,0.0136128734086803
1999-01-01,0.0130394975295691
1999-02-01,0.0131292549776188
1999-03-01,0.0128349172167345
1999-04-01,0.0123243129851059
1999-05-01,0.0123492008678223
1999-06-01,0.0124380930777664
1999-07-01,0.0119576052928213
1999-08-01,0.0124872252647226
1999-09-01,0.0126235614526199
1999-10-01,0.0128127219534209
1999-11-01,0.0119865803977954
1999-12-01,0.0116821121594759
2000-01-01,0.0117238009058238
2000-02-01,0.0120505638876689
2000-03-01,0.0116210537993773
2000-04-01,0.0114550829364428
2000-05-01,0.0117872652416671
2000-06-01,0.0114230211496895
2000-07-01,0.0112582032133967
2000-08-01,0.0110852306131883
2000-09-01,0.0111372228466333
2000-10-01,0.0117422226058766
2000-11-01,0.0118259750563602
2000-12-01,0.0122245347238397
2001-01-01,0.0121066463017452
2001-02-01,0.0123071031973961
2001-03-01,0.0134671332799258
2001-04-01,0.0133435307828504
2001-05-01,0.0124242018729452
2001-06-01,0.0126664029514576
2001-07-01,0.0130405302558568
2001-08-01,0.0133418186960826
2001-09-01,0.0150673916373105
2001-10-01,0.0146202361158844
2001-11-01,0.0139331492103959
2001-12-01,0.0137475653533404
2002-01-01,0.0138015511762453
2002-02-01,0.0142943237603763
2002-03-01,0.0136333301554009
2002-04-01,0.014239505484458
2002-05-01,0.014766427302911
2002-06-01,0.0158182284373089
2002-07-01,0.0176628780752332
2002-08-01,0.0174017862034957
2002-09-01,0.0182067503255321
2002-10-01,0.0185928413465476
2002-11-01,0.0175617904673986
2002-12-01,0.0178718387864499
2003-01-01,0.0179942846936953
2003-02-01,0.0193183040034407
2003-03-01,0.0191583100055514
2003-04-01,0.0182053788449078
2003-05-01,0.0172941863612405
2003-06-01,0.0163663967611336
2003-07-01,0.0164325870997642
2003-08-01,0.016624053843744
2003-09-01,0.01627364043004
2003-10-01,0.0162281504016122
2003-11-01,0.0163094897926787
2003-12-01,0.0160923156647912
2004-01-01,0.0155405644050436
2004-02-01,0.0155768961656871
2004-03-01,0.0160323137422374
2004-04-01,0.0160702101127032
2004-05-01,0.0166911502445335
2004-06-01,0.0164200713302023
2004-07-01,0.0169884402646531
2004-08-01,0.0174236719500921
2004-09-01,0.0171429593973122
2004-10-01,0.0172334058353697
2004-11-01,0.0165506071027312
2004-12-01,0.0162106720257503
2005-01-01,0.016677811541576
2005-02-01,0.0166440207953008
2005-03-01,0.0169302870533099
2005-04-01,0.0175736912767048
2005-05-01,0.0175651514637155
2005-06-01,0.0174090247452693
2005-07-01,0.0172715669590261
2005-08-01,0.0173899548302254
2005-09-01,0.0175133777081702
2005-10-01,0.0182220879895298
2005-11-01,0.0177554005673323
2005-12-01,0.0176059964978171
2006-01-01,0.0175225940320996
2006-02-01,0.0176973589733547
2006-03-01,0.017607865568043
2006-04-01,0.0176628243624104
2006-05-01,0.0179998604661979
2006-06-01,0.0187045652225955
2006-07-01,0.0187742017393512
2006-08-01,0.0185526162451929
2006-09-01,0.0182888885516111
2006-10-01,0.0178673590635039
2006-11-01,0.0177295771402235
2006-12-01,0.0175654113892772
2007-01-01,0.0176127214170692
2007-02-01,0.0175018456995201
2007-03-01,0.0181172038807349
2007-04-01,0.0175703497216984
2007-05-01,0.0171680541401414
2007-06-01,0.0172831678983483
2007-07-01,0.0173866154625142
2007-08-01,0.0183621839380732
2007-09-01,0.0180212675002672
2007-10-01,0.0176857228219217
2007-11-01,0.0187783161016544
2007-12-01,0.0187463663282
2008-01-01,0.020250079781833
2008-02-01,0.0207473779772229
2008-03-01,0.0214892098349203
2008-04-01,0.0207495725310781
2008-05-01,0.02036268962339
2008-06-01,0.0214054054054054
2008-07-01,0.022871216519662
2008-08-01,0.022476790977029
2008-09-01,0.0237068080036156
2008-10-01,0.029620836774016
2008-11-01,0.0323239415353023
2008-12-01,0.0323510643146907
2009-01-01,0.0323636559686376
2009-02-01,0.0343214568094416
2009-03-01,0.0360043849801223
2009-04-01,0.0314842107331643
2009-05-01,0.0289742652083495
2009-06-01,0.0276314084567875
2009-07-01,0.0267430346291666
2009-08-01,0.0242275987970382
2009-09-01,0.0228806663156383
2009-10-01,0.0219202118027587
2009-11-01,0.0210525670836129
2009-12-01,0.0201822799402007
2010-01-01,0.0197938731554495
2010-02-01,0.0202633221932498
2010-03-01,0.0190095915975869
2010-04-01,0.0183298254991704
2010-05-01,0.0195485870383209
2010-06-01,0.0203441146064097
2010-07-01,0.0205068839908625
2010-08-01,0.0204608441861035
2010-09-01,0.019918365891915
2010-10-01,0.0191849183723405
2010-11-01,0.0188535506454582
2010-12-01,0.0183080553832771
2011-01-01,0.0179034580260197
2011-02-01,0.017558334342578
2011-03-01,0.0179610422463951
2011-04-01,0.0178243748325836
2011-05-01,0.0179604625734446
2011-06-01,0.0189079383821827
2011-07-01,0.0185784679932689
2011-08-01,0.0210071626831799
2011-09-01,0.0214502334139776
2011-10-01,0.0212029842668831
2011-11-01,0.021210786951724
2011-12-01,0.021257600617701
2012-01-01,0.020557494861267
2012-02-01,0.0199952186953939
2012-03-01,0.0196870231205551
2012-04-01,0.0199601374273013
2012-05-01,0.0208732519676625
2012-06-01,0.0213981321969354
2012-07-01,0.0211382233400501
2012-08-01,0.0207821202512855
2012-09-01,0.0204999237921049
2012-10-01,0.0209646084581751
2012-11-01,0.0220125109656199
2012-12-01,0.0219716091655007
2013-01-01,0.0213028010447627
2013-02-01,0.0210428637867457
2013-03-01,0.0207050418163177
2013-04-01,0.0206892892765434
2013-05-01,0.0200527693758741
2013-06-01,0.0205526418206416
2013-07-01,0.0201636423200773
2013-08-01,0.0203721555924132
2013-09-01,0.0203891724011214
2013-10-01,0.0201139902598598
2013-11-01,0.0195080196313698
2013-12-01,0.0193552312781423
2014-01-01,0.0194271896515142
2014-02-01,0.0197115455172515
2014-03-01,0.0194417017257663
2014-04-01,0.0196396067787397
2014-05-01,0.0195773383357058
2014-06-01,0.0191978799131011
2014-07-01,0.0191323298362982
2014-08-01,0.0194338093223147
2014-09-01,0.0193103655875137
2014-10-01,0.0200316252596007
2014-11-01,0.0191352378902817
2014-12-01,0.0191990342067985
2015-01-01,0.0196711665959958
2015-02-01,0.0193801427976819
2015-03-01,0.0196202866359934
2015-04-01,0.0196289966871294
2015-05-01,0.0196170345748459
2015-06-01,0.0198829127943257
2015-07-01,0.0200543739514391
2015-08-01,0.0207137382937802
2015-09-01,0.0218626729959216
2015-10-01,0.021139432012551
2015-11-01,0.0207133771023381
2015-12-01,0.021123812120268
2016-01-01,0.022700580284235
2016-02-01,0.0229553704890028
2016-03-01,0.0217018224980835
2016-04-01,0.0212346345208155
2016-05-01,0.0214309344565209
2016-06-01,0.0213350992614773
2016-07-01,0.0207780725022104
2016-08-01,0.0206545521545867
2016-09-01,0.0208695410369423
2016-10-01,0.0211166173593029
2016-11-01,0.0210054857836141
2016-12-01,0.0203415782750164
2017-01-01,0.0201864810061301
2017-02-01,0.0198090627248835
2017-03-01,0.0195959135041955
2017-04-01,0.0197769686899983
2017-05-01,0.0195963011668441
2017-06-01,0.0194002440437307
2017-07-01,0.0193703054751912
2017-08-01,0.0194825110671411
2017-09-01,0.0193233420516359
2017-10-01,0.0189375570329814
2017-11-01,0.0187679206459979
2017-12-01,0.0183647732646734
2018-01-01,0.0176667383563935
2018-02-01,0.0183513482874704
2018-03-01,0.0184995393614699
2018-04-01,0.0189664723416603
2018-05-01,0.0187526142980355
2018-06-01,0.01851253471781
2018-07-01,0.0184132529602955
2018-08-01,0.0181571967443716
2018-09-01,0.0180389453730829
2018-10-01,0.0189591665290473
2018-11-01,0.0195650018544155
2018-12-01,0.0209363107688592
2019-01-01,0.0207666159134869
2019-02-01,0.0197989492508996
2019-03-01,0.0195935777002689
2019-04-01,0.0190505859840873
2019-05-01,0.0195109777039298
2019-06-01,0.019402759955912
2019-07-01,0.0188438056807846
2019-08-01,0.0196166099213654
2019-09-01,0.0191874603474801
2019-10-01,0.0193304854786277
2019-11-01,0.0186479165462255
2019-12-01,0.0183332049201535
2020-01-01,0.0179021465173378
2020-02-01,0.0180433525520145
2020-03-01,0.0224629567683866
2020-04-01,0.0215837328669772
2020-05-01,0.0204297031841961
2020-06-01,0.0192227111905355
2020-07-01,0.0185194474935294
2020-08-01,0.0174327011055387
2020-09-01,0.0174861710188134
2020-10-01,0.0171584496974827
2020-11-01,0.0164748814649059
2020-12-01,0.0157710303427886
2021-01-01,0.0153050984588475
2021-02-01,0.014896240881926
2021-03-01,0.0147380808887709
2021-04-01,0.0139358005472284
2021-05-01,0.0138651416702814
2021-06-01,0.0136522790758024
2021-07-01,0.0133666423331031
2021-08-01,0.0131990597375851
2021-09-01,0.0133289630323127
2021-10-01,0.0133690374679689
2021-11-01,0.0128586387609718
2021-12-01,0.0129197975615017
2022-01-01,0.0133196021927324
2022-02-01,0.0138516587886256
2022-03-01,0.014112100102414
2022-04-01,0.0142676139836736
2022-05-01,0.015675993750068
2022-06-01,0.0164198193700179
2022-07-01,0.0164767958642937
2022-08-01,0.0156028744105321
2022-09-01,0.0169635003235017
2022-10-01,0.0176734576107335
2022-11-01,0.0169460869051011
2022-12-01,0.0171046738072054
2023-01-01,0.0170047566609222
2023-02-01,0.0166140288703939
2023-03-01,0.0171875982587482
2023-04-01,0.0165903695345432
2023-05-01,0.0165317101644258
2023-06-01,0.0158122219332814
