Date,Open,High,Low,Close,Adj Close,Volume
"Dec 27, 2025","23,414.68","23,531.02","23,397.52","23,419.08","23,419.08","13,296,830,000"
"Dec 20, 2025","23,450.53","23,665.15","23,362.93","23,593.10","23,593.10","23,818,590,000"
"Dec 13, 2025","23,330.04","23,345.56","22,692.00","23,307.62","23,307.62","45,877,820,000"
"Dec 6, 2025","23,638.22","23,704.08","23,094.51","23,195.17","23,195.17","40,776,010,000"
"Nov 29, 2025","23,172.34","23,680.03","23,110.21","23,578.13","23,578.13","39,116,010,000"
"Nov 22, 2025","22,482.16","23,365.79","22,478.27","23,365.69","23,365.69","29,563,130,000"
"Nov 15, 2025","22,788.32","23,147.33","21,898.29","22,273.08","22,273.08","47,265,120,000"
"Nov 8, 2025","23,354.85","23,569.62","22,436.79","22,900.59","22,900.59","47,697,000,000"
"Nov 1, 2025","23,951.91","23,976.84","22,563.42","23,004.54","23,004.54","51,841,800,000"
"Oct 25, 2025","23,537.32","24,019.99","23,493.96","23,724.96","23,724.96","52,961,610,000"
"Oct 18, 2025","22,844.82","23,261.26","22,514.08","23,204.87","23,204.87","55,319,120,000"
"Oct 11, 2025","22,578.67","22,886.87","22,213.73","22,679.97","22,679.97","51,066,110,000"
"Oct 4, 2025","22,894.35","23,119.91","22,193.07","22,204.43","22,204.43","54,118,500,000"
"Sep 27, 2025","22,605.30","22,925.43","22,493.96","22,780.51","22,780.51","48,167,700,000"
"Sep 20, 2025","22,606.59","22,801.90","22,185.87","22,484.07","22,484.07","47,191,650,000"
"Sep 13, 2025","22,243.20","22,645.11","22,058.92","22,631.48","22,631.48","51,933,060,000"
"Sep 6, 2025","21,806.22","22,182.34","21,731.48","22,141.10","22,141.10","44,451,970,000"
"Aug 30, 2025","21,086.57","21,878.81","21,033.05","21,700.39","21,700.39","31,367,580,000"
"Aug 23, 2025","21,466.47","21,742.46","21,389.10","21,455.55","21,455.55","41,094,150,000"
"Aug 16, 2025","21,616.82","21,651.50","20,905.99","21,496.54","21,496.54","40,464,820,000"
"Aug 9, 2025","21,459.65","21,803.75","21,346.62","21,622.98","21,622.98","43,515,320,000"
"Aug 2, 2025","20,853.91","21,464.53","20,833.86","21,450.02","21,450.02","41,567,320,000"
"Jul 26, 2025","21,176.40","21,457.48","20,560.17","20,650.13","20,650.13","49,549,600,000"
"Jul 19, 2025","20,960.33","21,159.80","20,750.90","21,108.32","21,108.32","57,372,830,000"
"Jul 12, 2025","20,592.56","20,980.56","20,492.63","20,895.65","20,895.65","44,814,890,000"
"Jul 5, 2025","20,490.55","20,655.39","20,323.02","20,585.53","20,585.53","44,678,680,000"
"Jun 28, 2025","20,360.15","20,624.51","20,105.41","20,601.10","20,601.10","31,408,790,000"
"Jun 21, 2025","19,427.01","20,311.51","19,334.98","20,273.46","20,273.46","45,008,660,000"
"Jun 14, 2025","19,550.75","19,733.31","19,380.58","19,447.41","19,447.41","35,926,990,000"
"Jun 7, 2025","19,573.14","19,800.46","19,367.42","19,406.83","19,406.83","56,285,030,000"
"May 31, 2025","19,063.06","19,610.51","18,985.30","19,529.95","19,529.95","39,539,780,000"
"May 24, 2025","19,014.44","19,389.39","18,847.74","19,113.77","19,113.77","122,121,180,000"
"May 17, 2025","18,937.42","19,241.41","18,599.69","18,737.21","18,737.21","50,259,670,000"
"May 10, 2025","18,674.56","19,213.42","18,472.71","19,211.10","19,211.10","52,760,890,000"
"May 3, 2025","17,817.01","18,096.00","17,503.01","17,928.92","17,928.92","39,346,940,000"
"Apr 26, 2025","17,390.93","18,048.83","16,959.53","17,977.73","17,977.73","48,500,430,000"
"Apr 19, 2025","16,052.76","17,404.49","15,685.33","17,382.94","17,382.94","37,245,830,000"
"Apr 12, 2025","17,120.44","17,136.56","16,066.46","16,286.45","16,286.45","32,105,790,000"
"Apr 5, 2025","14,978.03","17,202.94","14,784.03","16,724.46","16,724.46","57,766,530,000"
"Mar 29, 2025","17,045.44","17,716.52","15,575.68","15,587.79","15,587.79","45,504,860,000"
"Mar 22, 2025","18,046.19","18,281.13","17,283.06","17,322.99","17,322.99","37,372,970,000"
"Mar 15, 2025","17,722.54","17,925.94","17,431.67","17,784.05","17,784.05","33,995,440,000"
"Mar 8, 2025","17,840.32","17,868.08","17,238.24","17,754.09","17,754.09","39,800,690,000"
"Mar 1, 2025","18,923.36","18,992.30","17,768.59","18,196.22","18,196.22","39,509,370,000"
"Feb 22, 2025","19,590.85","19,644.23","18,372.99","18,847.28","18,847.28","38,388,460,000"
"Feb 15, 2025","20,090.55","20,110.12","19,510.91","19,524.01","19,524.01","32,644,990,000"
"Feb 8, 2025","19,668.18","20,045.76","19,415.48","20,026.77","20,026.77","43,161,600,000"
"Feb 1, 2025","19,215.38","19,862.54","19,141.15","19,523.40","19,523.40","35,852,770,000"
"Jan 25, 2025","19,234.04","19,969.17","19,204.95","19,627.44","19,627.44","37,116,520,000"
"Jan 18, 2025","19,734.39","20,118.61","19,551.17","19,954.30","19,954.30","29,780,690,000"
"Jan 11, 2025","18,903.66","19,709.64","18,831.91","19,630.20","19,630.20","37,341,470,000"
"Jan 4, 2025","19,851.99","20,007.95","19,018.75","19,161.63","19,161.63","40,418,570,000"
"Dec 28, 2024","19,460.41","19,638.66","19,117.59","19,621.68","19,621.68","34,208,720,000"
"Dec 21, 2024","19,641.05","20,070.08","19,504.68","19,722.03","19,722.03","25,792,940,000"
"Dec 14, 2024","20,016.12","20,204.58","19,168.38","19,572.60","19,572.60","47,377,550,000"
"Dec 7, 2024","19,824.09","20,061.65","19,641.34","19,926.72","19,926.72","34,443,990,000"
"Nov 30, 2024","19,255.43","19,863.15","19,255.43","19,859.77","19,859.77","34,262,840,000"
"Nov 23, 2024","19,140.59","19,245.49","18,937.20","19,218.17","19,218.17","24,006,390,000"
"Nov 16, 2024","18,717.93","19,110.89","18,672.30","19,003.65","19,003.65","36,892,000,000"
"Nov 9, 2024","19,355.34","19,366.07","18,598.87","18,680.12","18,680.12","42,210,760,000"
"Nov 2, 2024","18,220.43","19,318.56","18,112.83","19,286.78","19,286.78","37,509,390,000"
"Oct 26, 2024","18,648.25","18,785.50","18,083.95","18,239.92","18,239.92","31,345,930,000"
"Oct 19, 2024","18,456.48","18,690.01","18,146.61","18,518.61","18,518.61","30,606,290,000"
"Oct 12, 2024","18,426.66","18,564.25","18,214.96","18,489.55","18,489.55","27,572,030,000"
"Oct 5, 2024","18,080.12","18,375.53","17,900.04","18,342.94","18,342.94","27,031,330,000"
"Sep 28, 2024","18,069.83","18,198.16","17,767.79","18,137.85","18,137.85","27,560,230,000"
"Sep 21, 2024","17,994.91","18,327.34","17,863.38","18,119.59","18,119.59","26,480,050,000"
"Sep 14, 2024","17,573.70","18,099.93","17,480.66","17,948.32","17,948.32","30,735,810,000"
"Sep 7, 2024","16,835.67","17,719.14","16,732.84","17,683.98","17,683.98","25,968,820,000"
"Aug 31, 2024","17,585.45","17,585.45","16,668.57","16,690.83","16,690.83","21,357,850,000"
"Aug 24, 2024","17,867.85","17,909.09","17,439.40","17,713.62","17,713.62","25,944,170,000"
"Aug 17, 2024","17,649.74","18,017.69","17,585.58","17,877.79","17,877.79","26,080,880,000"
"Aug 10, 2024","16,793.64","17,674.65","16,699.39","17,631.72","17,631.72","25,961,810,000"
"Aug 3, 2024","15,712.53","16,789.22","15,708.54","16,745.30","16,745.30","30,274,030,000"
"Jul 27, 2024","17,444.39","17,791.58","16,582.79","16,776.16","16,776.16","29,732,520,000"
"Jul 20, 2024","17,923.65","18,128.38","17,033.96","17,357.88","17,357.88","28,163,090,000"
"Jul 13, 2024","18,485.91","18,641.53","17,691.43","17,726.94","17,726.94","28,240,750,000"
"Jul 6, 2024","18,371.86","18,671.07","18,238.78","18,398.45","18,398.45","27,566,190,000"
"Jun 29, 2024","17,773.90","18,366.31","17,657.64","18,352.76","18,352.76","18,281,500,000"
"Jun 22, 2024","17,640.26","18,035.00","17,494.02","17,732.60","17,732.60","29,988,800,000"
"Jun 15, 2024","17,697.30","17,936.79","17,620.57","17,689.36","17,689.36","26,735,840,000"
"Jun 8, 2024","17,083.45","17,741.80","17,057.34","17,688.88","17,688.88","25,666,800,000"
"Jun 1, 2024","16,865.70","17,235.73","16,646.43","17,133.13","17,133.13","25,380,620,000"
"May 25, 2024","16,988.31","17,032.66","16,445.54","16,735.02","16,735.02","26,279,240,000"
"May 18, 2024","16,702.02","16,996.39","16,678.37","16,920.79","16,920.79","33,972,590,000"
"May 11, 2024","16,400.31","16,797.83","16,334.86","16,685.97","16,685.97","41,781,860,000"
"May 4, 2024","16,208.54","16,437.39","16,197.86","16,340.87","16,340.87","22,939,420,000"
"Apr 27, 2024","16,007.00","16,204.71","15,557.64","16,156.33","16,156.33","25,268,630,000"
"Apr 20, 2024","15,396.13","15,981.00","15,265.66","15,927.90","15,927.90","23,742,310,000"
"Apr 13, 2024","16,276.47","16,295.27","15,222.78","15,282.01","15,282.01","25,152,430,000"
"Apr 6, 2024","16,285.18","16,464.60","16,092.02","16,175.09","16,175.09","23,831,630,000"
"Mar 30, 2024","16,397.05","16,490.65","16,046.56","16,248.52","16,248.52","24,607,000,000"
"Mar 23, 2024","16,335.30","16,476.38","16,279.17","16,379.46","16,379.46","19,724,580,000"
"Mar 16, 2024","16,154.92","16,538.86","15,951.86","16,428.82","16,428.82","24,556,830,000"
"Mar 9, 2024","16,052.63","16,275.45","15,925.91","15,973.17","15,973.17","28,569,880,000"
"Mar 2, 2024","16,264.21","16,449.70","15,862.63","16,085.11","16,085.11","28,078,220,000"
"Feb 24, 2024","16,014.45","16,302.24","15,924.72","16,274.94","16,274.94","28,145,590,000"
"Feb 17, 2024","15,679.84","16,134.22","15,451.65","15,996.82","15,996.82","21,173,280,000"
"Feb 10, 2024","15,980.62","16,080.07","15,551.44","15,775.65","15,775.65","27,423,910,000"
"Feb 3, 2024","15,613.99","16,007.29","15,471.68","15,990.66","15,990.66","25,631,350,000"
"Jan 27, 2024","15,470.66","15,664.21","15,158.49","15,628.95","15,628.95","25,421,770,000"
"Jan 20, 2024","15,393.05","15,629.07","15,333.63","15,455.36","15,455.36","25,439,230,000"
"Jan 13, 2024","14,908.26","15,310.97","14,706.23","15,310.97","15,310.97","22,760,310,000"
"Jan 6, 2024","14,564.47","15,063.61","14,560.20","14,972.76","14,972.76","25,814,400,000"
"Dec 30, 2023","14,873.70","14,887.80","14,477.57","14,524.07","14,524.07","21,763,160,000"
"Dec 23, 2023","15,028.69","15,150.07","14,955.37","15,011.35","15,011.35","24,132,400,000"
"Dec 16, 2023","14,814.02","15,069.29","14,776.29","14,992.97","14,992.97","28,180,200,000"
"Dec 9, 2023","14,340.13","14,855.62","14,324.57","14,813.92","14,813.92","33,700,760,000"
"Dec 2, 2023","14,168.66","14,416.92","14,058.52","14,403.97","14,403.97","28,741,320,000"
"Nov 25, 2023","14,239.31","14,423.22","14,127.05","14,305.03","14,305.03","24,855,570,000"
"Nov 18, 2023","14,134.75","14,359.61","14,134.20","14,250.85","14,250.85","15,087,490,000"
"Nov 11, 2023","13,745.96","14,194.36","13,687.78","14,125.48","14,125.48","23,699,730,000"
"Nov 4, 2023","13,514.08","13,802.53","13,435.99","13,798.11","13,798.11","23,421,970,000"
"Oct 28, 2023","12,750.47","13,520.28","12,691.56","13,478.28","13,478.28","22,891,770,000"
"Oct 21, 2023","12,930.85","13,170.39","12,543.86","12,643.01","12,643.01","22,940,630,000"
"Oct 14, 2023","13,453.81","13,602.25","12,977.43","12,983.81","12,983.81","22,981,100,000"
"Oct 7, 2023","13,326.22","13,714.14","13,277.48","13,407.23","13,407.23","21,407,890,000"
"Sep 30, 2023","13,217.98","13,472.27","13,008.60","13,431.34","13,431.34","22,023,970,000"
"Sep 23, 2023","13,172.54","13,382.98","12,963.16","13,219.32","13,219.32","23,422,130,000"
"Sep 16, 2023","13,669.96","13,751.28","13,200.64","13,211.81","13,211.81","23,409,370,000"
"Sep 9, 2023","13,884.03","13,957.57","13,684.24","13,708.33","13,708.33","26,785,890,000"
"Sep 2, 2023","13,994.54","14,060.85","13,642.47","13,761.53","13,761.53","17,076,300,000"
"Aug 26, 2023","13,695.36","14,149.62","13,626.64","14,031.81","14,031.81","21,382,030,000"
"Aug 19, 2023","13,347.26","13,834.69","13,325.59","13,590.65","13,590.65","21,127,230,000"
"Aug 12, 2023","13,599.00","13,789.16","13,161.76","13,290.78","13,290.78","25,071,190,000"
"Aug 5, 2023","13,972.45","13,997.15","13,609.98","13,644.85","13,644.85","25,706,200,000"
"Jul 29, 2023","14,337.90","14,370.91","13,881.35","13,909.24","13,909.24","26,436,590,000"
"Jul 22, 2023","14,081.63","14,360.20","13,997.13","14,316.66","14,316.66","21,786,900,000"
"Jul 15, 2023","14,149.92","14,446.55","14,020.45","14,032.81","14,032.81","24,911,850,000"
"Jul 8, 2023","13,645.37","14,232.11","13,584.87","14,113.70","14,113.70","25,897,410,000"
"Jul 1, 2023","13,798.70","13,844.50","13,567.25","13,660.72","13,660.72","19,452,840,000"
"Jun 24, 2023","13,468.74","13,816.68","13,334.42","13,787.92","13,787.92","23,066,790,000"
"Jun 17, 2023","13,642.29","13,711.18","13,441.56","13,492.52","13,492.52","22,666,400,000"
"Jun 10, 2023","13,326.37","13,864.06","13,302.58","13,689.57","13,689.57","29,761,380,000"
"Jun 3, 2023","13,238.48","13,385.95","13,089.48","13,259.14","13,259.14","23,118,660,000"
"May 27, 2023","13,109.10","13,256.21","12,889.37","13,240.77","13,240.77","19,786,300,000"
"May 20, 2023","12,664.44","13,001.91","12,415.85","12,975.69","12,975.69","21,800,340,000"
"May 13, 2023","12,301.17","12,731.73","12,263.35","12,657.90","12,657.90","21,017,290,000"
"May 6, 2023","12,231.68","12,364.65","12,174.06","12,284.74","12,284.74","21,950,890,000"
"Apr 29, 2023","12,210.05","12,264.83","11,925.37","12,235.41","12,235.41","25,772,570,000"
"Apr 22, 2023","12,053.47","12,227.72","11,798.77","12,226.58","12,226.58","25,527,130,000"
"Apr 15, 2023","12,108.23","12,245.43","11,986.82","12,072.46","12,072.46","24,106,270,000"
"Apr 8, 2023","11,975.13","12,205.72","11,916.54","12,123.47","12,123.47","23,519,530,000"
"Apr 1, 2023","12,146.09","12,224.68","11,898.36","12,087.96","12,087.96","17,356,590,000"
"Mar 25, 2023","11,868.54","12,227.93","11,635.03","12,221.91","12,221.91","23,120,800,000"
"Mar 18, 2023","11,614.39","12,013.99","11,550.69","11,823.96","11,823.96","24,063,200,000"
"Mar 11, 2023","11,041.46","11,773.11","10,982.80","11,630.51","11,630.51","31,049,050,000"
"Mar 4, 2023","11,736.87","11,827.92","11,093.86","11,138.89","11,138.89","26,746,960,000"
"Feb 25, 2023","11,517.19","11,699.63","11,273.61","11,689.01","11,689.01","25,178,450,000"
"Feb 18, 2023","11,640.37","11,684.14","11,334.47","11,394.94","11,394.94","18,821,040,000"
"Feb 11, 2023","11,759.09","12,071.29","11,673.21","11,787.27","11,787.27","24,926,590,000"
"Feb 4, 2023","11,904.41","12,150.22","11,630.54","11,718.12","11,718.12","26,732,780,000"
"Jan 28, 2023","11,512.34","12,269.55","11,388.54","12,006.95","12,006.95","30,146,210,000"
"Jan 21, 2023","11,171.94","11,691.89","11,069.18","11,621.71","11,621.71","29,130,930,000"
"Jan 14, 2023","11,070.00","11,223.41","10,804.57","11,140.43","11,140.43","21,067,950,000"
"Jan 7, 2023","10,662.10","11,084.01","10,589.59","11,079.16","11,079.16","25,886,490,000"
"Dec 31, 2022","10,562.06","10,613.06","10,265.04","10,569.29","10,569.29","19,830,080,000"
"Dec 24, 2022","10,462.19","10,502.08","10,207.47","10,466.48","10,466.48","15,783,390,000"
"Dec 17, 2022","10,707.44","10,753.57","10,313.32","10,497.86","10,497.86","22,410,180,000"
"Dec 10, 2022","11,015.48","11,571.64","10,642.10","10,705.41","10,705.41","29,946,270,000"
"Dec 3, 2022","11,380.99","11,425.51","10,910.62","11,004.62","11,004.62","22,186,460,000"
"Nov 26, 2022","11,147.57","11,546.77","10,944.37","11,461.50","11,461.50","25,198,780,000"
"Nov 19, 2022","11,091.01","11,310.82","10,975.66","11,226.36","11,226.36","14,779,100,000"
"Nov 12, 2022","11,233.90","11,492.62","11,006.21","11,146.06","11,146.06","23,736,340,000"
"Nov 5, 2022","10,516.94","11,352.43","10,344.01","11,323.33","11,323.33","26,869,400,000"
"Oct 29, 2022","11,028.43","11,156.35","10,262.93","10,475.25","10,475.25","25,423,620,000"
"Oct 22, 2022","10,867.07","11,210.38","10,713.33","11,102.45","11,102.45","24,680,370,000"
"Oct 15, 2022","10,575.65","10,972.97","10,542.43","10,859.72","10,859.72","23,776,090,000"
"Oct 8, 2022","10,659.95","10,766.69","10,088.83","10,321.39","10,321.39","22,512,590,000"
"Oct 1, 2022","10,659.01","11,230.44","10,577.89","10,652.40","10,652.40","22,569,590,000"
"Sep 24, 2022","10,833.38","11,101.50","10,572.33","10,575.62","10,575.62","22,865,220,000"
"Sep 17, 2022","11,338.57","11,613.57","10,732.72","10,867.93","10,867.93","22,718,590,000"
"Sep 10, 2022","12,174.94","12,270.19","11,316.92","11,448.40","11,448.40","26,454,340,000"
"Sep 3, 2022","11,643.03","12,132.67","11,471.50","12,112.31","12,112.31","17,800,080,000"
"Aug 27, 2022","12,021.05","12,124.87","11,546.52","11,630.86","11,630.86","22,893,680,000"
"Aug 20, 2022","12,523.16","12,655.84","12,141.52","12,141.71","12,141.71","20,877,800,000"
"Aug 13, 2022","12,996.63","13,181.09","12,674.87","12,705.22","12,705.22","24,086,490,000"
"Aug 6, 2022","12,703.72","13,047.19","12,438.86","13,047.19","13,047.19","26,340,720,000"
"Jul 30, 2022","12,317.96","12,736.19","12,260.48","12,657.55","12,657.55","25,219,290,000"
"Jul 23, 2022","11,837.96","12,426.26","11,533.37","12,390.69","12,390.69","23,117,120,000"
"Jul 16, 2022","11,561.64","12,093.02","11,322.84","11,834.11","11,834.11","25,230,550,000"
"Jul 9, 2022","11,524.49","11,541.10","11,005.93","11,452.42","11,452.42","21,963,960,000"
"Jul 2, 2022","10,964.18","11,689.70","10,911.45","11,635.31","11,635.31","19,116,360,000"
"Jun 25, 2022","11,661.02","11,677.49","10,850.01","11,127.85","11,127.85","26,652,190,000"
"Jun 18, 2022","10,974.05","11,613.23","10,938.06","11,607.62","11,607.62","25,190,770,000"
"Jun 11, 2022","10,986.85","11,244.26","10,565.14","10,798.35","10,798.35","29,275,170,000"
"Jun 4, 2022","12,200.33","12,245.40","11,328.27","11,340.02","11,340.02","24,327,710,000"
"May 28, 2022","12,137.54","12,320.12","11,901.43","12,012.73","12,012.73","19,341,280,000"
"May 21, 2022","11,396.28","12,131.66","11,092.48","12,131.13","12,131.13","23,262,840,000"
"May 14, 2022","11,727.14","11,988.43","11,035.69","11,354.62","11,354.62","25,677,110,000"
"May 7, 2022","11,923.03","11,990.61","11,108.76","11,805.00","11,805.00","30,883,260,000"
"Apr 30, 2022","12,331.69","12,985.01","11,990.15","12,144.66","12,144.66","25,596,970,000"
"Apr 23, 2022","12,749.17","13,011.45","12,315.74","12,334.64","12,334.64","24,624,260,000"
"Apr 16, 2022","13,319.39","13,710.70","12,828.02","12,839.29","12,839.29","23,315,200,000"
"Apr 9, 2022","13,547.29","13,685.95","13,317.74","13,351.08","13,351.08","19,490,360,000"
"Apr 2, 2022","14,304.35","14,534.38","13,689.23","13,711.00","13,711.00","24,148,400,000"
"Mar 26, 2022","14,177.21","14,646.90","14,101.34","14,261.50","14,261.50","27,126,270,000"
"Mar 19, 2022","13,860.39","14,218.76","13,682.55","14,169.30","14,169.30","26,877,890,000"
"Mar 12, 2022","12,795.12","13,899.28","12,555.35","13,893.84","13,893.84","31,630,400,000"
"Mar 5, 2022","13,328.36","13,353.28","12,670.08","12,843.81","12,843.81","28,635,340,000"
"Feb 26, 2022","13,570.83","13,837.59","13,224.98","13,313.44","13,313.44","27,742,350,000"
"Feb 19, 2022","13,424.36","13,696.86","12,587.88","13,694.62","13,694.62","20,297,420,000"
"Feb 12, 2022","13,768.97","14,163.73","13,465.56","13,548.07","13,548.07","21,783,060,000"
"Feb 5, 2022","14,118.79","14,509.56","13,733.16","13,791.15","13,791.15","23,742,060,000"
"Jan 29, 2022","13,812.19","14,504.82","13,767.71","14,098.01","14,098.01","22,917,570,000"
"Jan 22, 2022","13,481.50","14,002.65","13,094.65","13,770.57","13,770.57","27,938,600,000"
"Jan 15, 2022","14,681.83","14,740.54","13,764.24","13,768.92","13,768.92","20,699,010,000"
"Jan 8, 2022","14,751.78","15,319.03","14,530.23","14,893.75","14,893.75","22,722,460,000"
"Jan 1, 2022","15,732.50","15,852.14","14,877.63","14,935.90","14,935.90","23,621,810,000"
"Dec 25, 2021","15,696.83","15,901.47","15,643.94","15,644.97","15,644.97","18,250,300,000"
"Dec 18, 2021","14,933.00","15,697.98","14,860.04","15,653.37","15,653.37","17,227,270,000"
"Dec 11, 2021","15,621.27","15,637.06","14,960.37","15,169.68","15,169.68","27,359,080,000"
"Dec 4, 2021","15,117.63","15,796.05","14,931.61","15,630.60","15,630.60","23,788,920,000"
"Nov 27, 2021","15,719.42","15,833.11","14,931.06","15,085.47","15,085.47","29,106,590,000"
"Nov 20, 2021","16,120.92","16,212.23","15,456.09","15,491.66","15,491.66","18,701,470,000"
"Nov 13, 2021","15,894.82","16,121.12","15,778.31","16,057.44","16,057.44","25,869,190,000"
"Nov 6, 2021","15,995.72","16,038.23","15,543.68","15,860.96","15,860.96","26,684,420,000"
"Oct 30, 2021","15,541.26","16,053.39","15,470.82","15,971.59","15,971.59","26,592,080,000"
"Oct 23, 2021","15,142.92","15,504.12","15,070.75","15,498.39","15,498.39","30,106,720,000"
"Oct 16, 2021","14,839.74","15,222.25","14,833.28","15,090.20","15,090.20","23,505,820,000"
"Oct 9, 2021","14,540.08","14,904.98","14,441.60","14,897.34","14,897.34","20,413,790,000"
"Oct 2, 2021","14,493.12","14,755.72","14,181.69","14,579.54","14,579.54","20,754,970,000"
"Sep 25, 2021","14,954.18","15,003.16","14,324.01","14,566.70","14,566.70","25,596,570,000"
"Sep 18, 2021","14,758.14","15,085.44","14,530.07","15,047.70","15,047.70","21,403,270,000"
"Sep 11, 2021","15,211.43","15,215.44","14,984.68","15,043.97","15,043.97","24,192,690,000"
"Sep 4, 2021","15,375.98","15,403.44","15,111.31","15,115.49","15,115.49","16,764,100,000"
"Aug 28, 2021","15,165.94","15,380.07","15,165.12","15,363.52","15,363.52","20,278,970,000"
"Aug 21, 2021","14,776.98","15,144.48","14,776.98","15,129.50","15,129.50","19,050,190,000"
"Aug 14, 2021","14,771.53","14,794.68","14,423.16","14,714.66","14,714.66","20,062,470,000"
"Aug 7, 2021","14,855.76","14,894.61","14,692.41","14,822.90","14,822.90","20,215,820,000"
"Jul 31, 2021","14,758.60","14,896.47","14,584.09","14,835.76","14,835.76","20,505,220,000"
"Jul 24, 2021","14,821.03","14,863.65","14,503.76","14,672.68","14,672.68","20,608,220,000"
"Jul 17, 2021","14,235.98","14,846.06","14,178.66","14,836.99","14,836.99","20,882,890,000"
"Jul 10, 2021","14,743.86","14,803.68","14,413.32","14,427.24","14,427.24","21,558,850,000"
"Jul 3, 2021","14,661.55","14,755.33","14,371.59","14,701.92","14,701.92","17,496,680,000"
"Jun 26, 2021","14,417.81","14,649.11","14,417.20","14,639.33","14,639.33","22,640,000,000"
"Jun 19, 2021","14,047.42","14,414.46","13,960.04","14,360.39","14,360.39","25,205,330,000"
"Jun 12, 2021","14,083.47","14,196.21","13,903.73","14,030.38","14,030.38","24,337,120,000"
"Jun 5, 2021","13,802.82","14,069.42","13,784.89","14,069.42","14,069.42","25,315,570,000"
"May 29, 2021","13,829.06","13,836.17","13,548.93","13,814.49","13,814.49","19,040,870,000"
"May 22, 2021","13,557.21","13,820.87","13,551.01","13,748.74","13,748.74","21,438,080,000"
"May 15, 2021","13,368.80","13,616.58","13,072.23","13,470.99","13,470.99","20,357,300,000"
"May 8, 2021","13,687.59","13,687.93","13,002.54","13,429.98","13,429.98","23,030,710,000"
"May 1, 2021","14,031.77","14,042.12","13,439.39","13,752.24","13,752.24","24,589,350,000"
"Apr 24, 2021","14,052.38","14,211.57","13,941.63","13,962.68","13,962.68","23,477,870,000"
"Apr 17, 2021","13,984.58","14,062.74","13,698.67","14,016.81","14,016.81","21,400,270,000"
"Apr 10, 2021","13,854.44","14,062.50","13,783.95","14,052.34","14,052.34","21,425,690,000"
"Apr 3, 2021","13,594.90","13,905.41","13,582.76","13,900.19","13,900.19","20,711,160,000"
"Mar 27, 2021","13,103.97","13,487.08","12,922.57","13,480.11","13,480.11","19,268,240,000"
"Mar 20, 2021","13,278.78","13,455.64","12,786.81","13,138.73","13,138.73","28,104,070,000"
"Mar 13, 2021","13,323.47","13,620.71","13,039.45","13,215.24","13,215.24","30,372,680,000"
"Mar 6, 2021","12,904.26","13,433.62","12,599.23","13,319.86","13,319.86","29,885,730,000"
"Feb 27, 2021","13,406.16","13,601.33","12,397.05","12,920.15","12,920.15","31,147,230,000"
"Feb 20, 2021","13,714.20","13,757.06","13,003.98","13,192.35","13,192.35","32,182,970,000"
"Feb 13, 2021","14,152.21","14,175.12","13,714.35","13,874.46","13,874.46","28,239,840,000"
"Feb 6, 2021","13,937.06","14,109.12","13,845.47","14,095.47","14,095.47","46,450,950,000"
"Jan 30, 2021","13,226.18","13,878.16","13,132.47","13,856.30","13,856.30","36,053,010,000"
"Jan 23, 2021","13,681.21","13,728.98","12,985.05","13,070.69","13,070.69","43,496,020,000"
"Jan 16, 2021","13,132.73","13,567.14","13,078.70","13,543.06","13,543.06","26,350,240,000"
"Jan 9, 2021","13,048.78","13,220.16","12,949.76","12,998.50","12,998.50","34,521,810,000"
"Jan 2, 2021","12,958.52","13,208.09","12,543.24","13,201.98","13,201.98","35,428,780,000"
"Dec 26, 2020","12,914.64","12,973.33","12,821.23","12,888.28","12,888.28","19,994,910,000"
"Dec 19, 2020","12,596.14","12,841.92","12,525.22","12,804.73","12,804.73","21,410,920,000"
"Dec 12, 2020","12,447.44","12,809.60","12,432.71","12,755.64","12,755.64","25,663,910,000"
"Dec 5, 2020","12,461.00","12,607.14","12,214.74","12,377.87","12,377.87","23,561,010,000"
"Nov 28, 2020","12,224.25","12,464.23","12,027.16","12,464.23","12,464.23","29,764,650,000"
"Nov 21, 2020","11,916.76","12,236.23","11,796.53","12,205.85","12,205.85","19,663,300,000"
"Nov 14, 2020","11,847.11","11,950.18","11,760.98","11,854.97","11,854.97","23,785,180,000"
"Nov 7, 2020","12,046.66","12,108.07","11,424.61","11,829.29","11,829.29","21,996,040,000"
"Oct 31, 2020","11,010.45","11,924.28","10,830.95","11,895.23","11,895.23","18,077,720,000"
"Oct 24, 2020","11,440.64","11,545.63","10,822.57","10,911.59","10,911.59","17,156,350,000"
"Oct 17, 2020","11,732.34","11,778.11","11,369.29","11,548.28","11,548.28","17,034,370,000"
"Oct 10, 2020","11,732.33","11,965.54","11,559.10","11,671.56","11,671.56","17,421,820,000"
"Oct 3, 2020","11,169.11","11,581.23","11,124.45","11,579.94","11,579.94","18,937,450,000"
"Sep 26, 2020","11,084.38","11,344.13","11,019.14","11,075.02","11,075.02","18,978,820,000"
"Sep 19, 2020","10,610.14","10,979.65","10,519.49","10,913.56","10,913.56","19,385,360,000"
"Sep 12, 2020","11,010.14","11,245.42","10,639.95","10,793.28","10,793.28","20,700,940,000"
"Sep 5, 2020","10,900.70","11,299.53","10,728.03","10,853.55","10,853.55","14,926,340,000"
"Aug 29, 2020","11,718.81","12,074.06","10,875.87","11,313.13","11,313.13","19,854,920,000"
"Aug 22, 2020","11,449.25","11,730.01","11,297.53","11,695.63","11,695.63","17,414,490,000"
"Aug 15, 2020","11,083.25","11,326.21","11,080.30","11,311.80","11,311.80","18,084,360,000"
"Aug 8, 2020","11,033.73","11,124.85","10,762.71","11,019.30","11,019.30","19,120,150,000"
"Aug 1, 2020","10,848.64","11,126.04","10,831.15","11,010.98","11,010.98","20,765,080,000"
"Jul 25, 2020","10,421.70","10,747.80","10,397.87","10,745.27","10,745.27","20,773,410,000"
"Jul 18, 2020","10,526.02","10,839.93","10,217.31","10,363.18","10,363.18","22,529,270,000"
"Jul 11, 2020","10,729.92","10,824.78","10,182.46","10,503.19","10,503.19","22,599,960,000"
"Jul 4, 2020","10,360.38","10,622.35","10,337.98","10,617.44","10,617.44","20,488,290,000"
"Jun 27, 2020","9,771.72","10,310.36","9,663.61","10,207.63","10,207.63","17,509,830,000"
"Jun 20, 2020","9,945.49","10,221.85","9,749.07","9,757.22","9,757.22","27,940,280,000"
"Jun 13, 2020","9,426.90","10,053.91","9,403.00","9,946.12","9,946.12","23,854,180,000"
"Jun 6, 2020","9,823.44","10,086.89","9,413.62","9,588.81","9,588.81","26,377,480,000"
"May 30, 2020","9,471.42","9,845.69","9,462.32","9,814.08","9,814.08","25,265,930,000"
"May 23, 2020","9,501.21","9,523.64","9,144.28","9,489.87","9,489.87","17,794,010,000"
"May 16, 2020","9,177.15","9,405.25","9,154.35","9,324.59","9,324.59","20,264,210,000"
"May 9, 2020","9,054.91","9,250.96","8,705.25","9,014.56","9,014.56","20,741,830,000"
"May 2, 2020","8,555.32","9,125.98","8,537.83","9,121.32","9,121.32","18,634,290,000"
"Apr 25, 2020","8,717.98","8,957.27","8,566.84","8,604.95","8,604.95","19,909,430,000"
"Apr 18, 2020","8,553.38","8,684.91","8,215.69","8,634.52","8,634.52","18,112,980,000"
"Apr 11, 2020","8,127.69","8,670.30","8,035.95","8,650.14","8,650.14","18,706,100,000"
"Apr 4, 2020","7,660.17","8,227.91","7,617.79","8,153.58","8,153.58","15,567,990,000"
"Mar 28, 2020","7,583.46","7,880.31","7,288.11","7,373.08","7,373.08","18,566,200,000"
"Mar 21, 2020","6,847.28","7,809.83","6,631.42","7,502.38","7,502.38","21,476,910,000"
"Mar 14, 2020","7,392.73","7,422.20","6,686.36","6,879.52","6,879.52","24,512,120,000"
"Mar 7, 2020","7,957.93","8,347.40","7,194.67","7,874.88","7,874.88","23,104,400,000"
"Feb 29, 2020","8,667.14","9,070.32","8,375.13","8,575.62","8,575.62","20,277,070,000"
"Feb 22, 2020","9,188.44","9,322.88","8,264.16","8,567.37","8,567.37","20,251,980,000"
"Feb 15, 2020","9,679.04","9,838.37","9,542.33","9,576.59","9,576.59","10,246,170,000"
"Feb 8, 2020","9,493.63","9,748.32","9,493.63","9,731.18","9,731.18","11,485,690,000"
"Feb 1, 2020","9,190.72","9,575.66","9,188.55","9,520.51","9,520.51","11,902,480,000"
"Jan 25, 2020","9,092.46","9,329.12","9,088.04","9,150.94","9,150.94","12,039,010,000"
"Jan 18, 2020","9,361.07","9,451.43","9,273.23","9,314.91","9,314.91","10,230,010,000"
"Jan 11, 2020","9,213.72","9,393.48","9,193.06","9,388.94","9,388.94","12,387,850,000"
"Jan 4, 2020","8,943.50","9,235.20","8,943.50","9,178.86","9,178.86","12,588,670,000"
"Dec 28, 2019","9,004.45","9,093.43","8,909.19","9,020.77","9,020.77","9,687,370,000"
"Dec 21, 2019","8,950.20","9,052.00","8,934.36","9,006.62","9,006.62","6,516,900,000"
"Dec 14, 2019","8,791.31","8,931.91","8,789.77","8,924.96","8,924.96","13,769,920,000"
"Dec 7, 2019","8,650.86","8,768.87","8,600.82","8,734.88","8,734.88","10,780,740,000"
"Nov 30, 2019","8,672.84","8,672.84","8,435.40","8,656.53","8,656.53","10,908,330,000"
"Nov 23, 2019","8,559.65","8,705.91","8,559.65","8,665.47","8,665.47","7,549,730,000"
"Nov 16, 2019","8,529.16","8,589.76","8,468.63","8,519.88","8,519.88","10,715,520,000"
"Nov 9, 2019","8,431.26","8,540.83","8,425.48","8,540.83","8,540.83","10,214,070,000"
"Nov 2, 2019","8,445.50","8,483.16","8,379.33","8,475.31","8,475.31","11,222,640,000"
"Oct 26, 2019","8,285.77","8,386.75","8,241.70","8,386.40","8,386.40","10,086,190,000"
"Oct 19, 2019","8,137.42","8,249.97","8,078.35","8,243.12","8,243.12","9,234,890,000"
"Oct 12, 2019","8,044.35","8,183.64","8,036.41","8,089.54","8,089.54","9,049,410,000"
"Oct 5, 2019","7,956.41","8,115.80","7,823.73","8,057.04","8,057.04","9,245,040,000"
"Sep 28, 2019","7,964.09","8,062.50","7,700.00","7,982.47","7,982.47","10,468,400,000"
"Sep 21, 2019","8,106.49","8,158.83","7,890.28","7,939.63","7,939.63","10,042,330,000"
"Sep 14, 2019","8,121.64","8,237.43","8,086.16","8,117.67","8,117.67","10,961,140,000"
"Sep 7, 2019","8,130.91","8,243.80","8,001.68","8,176.71","8,176.71","11,088,020,000"
"Aug 31, 2019","7,906.44","8,134.42","7,847.32","8,103.07","8,103.07","7,819,950,000"
"Aug 24, 2019","7,829.58","8,017.91","7,766.67","7,962.88","7,962.88","8,642,240,000"
"Aug 17, 2019","8,006.18","8,048.58","7,730.77","7,751.77","7,751.77","9,413,710,000"
"Aug 10, 2019","7,907.49","8,065.24","7,716.55","7,895.99","7,895.99","11,175,680,000"
"Aug 3, 2019","7,823.33","8,041.12","7,662.90","7,959.14","7,959.14","12,013,700,000"
"Jul 27, 2019","8,325.10","8,325.28","7,953.67","8,004.07","8,004.07","11,533,790,000"
"Jul 20, 2019","8,171.99","8,339.64","8,171.54","8,330.21","8,330.21","9,692,360,000"
"Jul 13, 2019","8,263.18","8,264.78","8,135.12","8,146.49","8,146.49","9,581,740,000"
"Jul 6, 2019","8,112.91","8,245.66","8,061.32","8,244.14","8,244.14","9,701,880,000"
"Jun 29, 2019","8,145.85","8,171.97","8,059.29","8,161.79","8,161.79","7,414,560,000"
"Jun 22, 2019","8,040.58","8,047.56","7,879.15","8,006.24","8,006.24","12,514,160,000"
"Jun 15, 2019","7,819.43","8,088.88","7,812.61","8,031.71","8,031.71","11,246,410,000"
"Jun 8, 2019","7,798.87","7,909.99","7,773.97","7,796.66","7,796.66","9,799,150,000"
"Jun 1, 2019","7,441.21","7,767.02","7,292.22","7,742.10","7,742.10","11,261,680,000"
"May 25, 2019","7,655.66","7,693.74","7,448.23","7,453.15","7,453.15","8,775,190,000"
"May 18, 2019","7,714.06","7,804.44","7,585.32","7,637.01","7,637.01","9,971,250,000"
"May 11, 2019","7,720.07","7,946.23","7,627.22","7,816.28","7,816.28","10,947,140,000"
"May 4, 2019","7,981.85","8,135.54","7,759.34","7,916.94","7,916.94","11,562,900,000"
"Apr 27, 2019","8,147.65","8,176.08","7,976.77","8,164.00","8,164.00","10,479,860,000"
"Apr 20, 2019","7,969.37","8,151.84","7,965.90","8,146.40","8,146.40","9,989,640,000"
"Apr 13, 2019","7,987.16","8,052.40","7,933.57","7,998.06","7,998.06","8,372,410,000"
"Apr 6, 2019","7,924.89","7,992.09","7,891.85","7,984.16","7,984.16","10,105,020,000"
"Mar 30, 2019","7,800.24","7,940.45","7,777.09","7,938.69","7,938.69","11,172,620,000"
"Mar 23, 2019","7,618.98","7,738.17","7,579.29","7,729.32","7,729.32","10,720,850,000"
"Mar 16, 2019","7,696.38","7,850.11","7,642.57","7,642.67","7,642.67","12,231,840,000"
"Mar 9, 2019","7,442.56","7,714.96","7,442.40","7,688.53","7,688.53","12,450,100,000"
"Mar 2, 2019","7,636.62","7,643.66","7,332.92","7,408.14","7,408.14","11,728,950,000"
"Feb 23, 2019","7,585.30","7,603.04","7,485.39","7,595.35","7,595.35","12,303,670,000"
"Feb 16, 2019","7,450.75","7,527.54","7,430.89","7,527.54","7,527.54","8,900,050,000"
"Feb 9, 2019","7,327.37","7,477.28","7,290.03","7,472.41","7,472.41","10,533,600,000"
"Feb 2, 2019","7,266.28","7,410.77","7,225.14","7,298.20","7,298.20","10,983,610,000"
"Jan 26, 2019","7,075.01","7,303.12","7,011.47","7,263.87","7,263.87","12,470,860,000"
"Jan 19, 2019","7,109.57","7,174.56","6,953.23","7,164.86","7,164.86","9,551,410,000"
"Jan 12, 2019","6,908.03","7,185.38","6,887.48","7,157.23","7,157.23","10,799,800,000"
"Jan 5, 2019","6,757.53","6,991.37","6,741.40","6,971.48","6,971.48","11,629,710,000"
"Dec 29, 2018","6,649.52","6,760.69","6,457.13","6,738.86","6,738.86","9,598,820,000"
"Dec 22, 2018","6,278.49","6,684.18","6,190.17","6,584.52","6,584.52","8,885,690,000"
"Dec 15, 2018","6,886.46","6,931.81","6,304.63","6,332.99","6,332.99","16,093,920,000"
"Dec 8, 2018","6,959.63","7,197.29","6,878.99","6,910.66","6,910.66","11,474,700,000"
"Dec 1, 2018","7,486.13","7,486.51","6,945.27","6,969.25","6,969.25","10,661,200,000"
"Nov 24, 2018","7,026.50","7,332.79","7,003.12","7,330.54","7,330.54","11,092,980,000"
"Nov 17, 2018","7,217.24","7,224.12","6,830.76","6,938.98","6,938.98","7,880,470,000"
"Nov 10, 2018","7,364.05","7,371.09","7,072.36","7,247.87","7,247.87","12,223,270,000"
"Nov 3, 2018","7,344.08","7,572.93","7,255.88","7,406.90","7,406.90","12,076,550,000"
"Oct 27, 2018","7,272.42","7,466.53","6,922.83","7,356.99","7,356.99","13,958,430,000"
"Oct 20, 2018","7,486.74","7,520.54","7,057.00","7,167.21","7,167.21","13,772,200,000"
"Oct 13, 2018","7,473.33","7,670.49","7,400.07","7,449.03","7,449.03","12,307,600,000"
"Oct 6, 2018","7,747.10","7,799.75","7,274.04","7,496.89","7,496.89","13,666,150,000"
"Sep 29, 2018","8,091.50","8,107.38","7,715.97","7,788.45","7,788.45","13,814,010,000"
"Sep 22, 2018","7,939.38","8,071.56","7,912.47","8,046.35","8,046.35","11,520,340,000"
"Sep 15, 2018","7,992.21","8,057.26","7,890.07","7,986.96","7,986.96","12,836,050,000"
"Sep 8, 2018","7,939.57","8,040.83","7,880.92","8,010.04","8,010.04","11,175,140,000"
"Sep 1, 2018","8,087.95","8,104.07","7,873.93","7,902.54","7,902.54","9,375,830,000"
"Aug 25, 2018","7,989.64","8,133.30","7,976.60","8,109.54","8,109.54","10,153,560,000"
"Aug 18, 2018","7,834.37","7,949.71","7,787.90","7,945.98","7,945.98","8,949,190,000"
"Aug 11, 2018","7,848.00","7,888.66","7,732.69","7,816.33","7,816.33","10,009,220,000"
"Aug 4, 2018","7,809.54","7,923.35","7,801.88","7,839.11","7,839.11","10,705,500,000"
"Jul 28, 2018","7,735.27","7,824.06","7,604.24","7,812.01","7,812.01","10,743,060,000"
"Jul 21, 2018","7,806.93","7,933.31","7,698.96","7,737.42","7,737.42","10,116,760,000"
"Jul 14, 2018","7,831.74","7,867.15","7,749.61","7,820.20","7,820.20","9,055,510,000"
"Jul 7, 2018","7,731.74","7,843.52","7,696.58","7,825.98","7,825.98","9,006,480,000"
"Jun 30, 2018","7,451.90","7,695.81","7,443.10","7,688.39","7,688.39","6,422,590,000"
"Jun 23, 2018","7,631.12","7,639.73","7,419.56","7,510.30","7,510.30","11,229,400,000"
"Jun 16, 2018","7,692.96","7,806.60","7,635.73","7,692.82","7,692.82","13,008,360,000"
"Jun 9, 2018","7,647.24","7,768.60","7,642.87","7,746.38","7,746.38","11,420,580,000"
"Jun 2, 2018","7,570.08","7,697.41","7,561.20","7,645.51","7,645.51","10,703,070,000"
"May 26, 2018","7,398.51","7,557.38","7,354.29","7,554.33","7,554.33","8,899,370,000"
"May 19, 2018","7,406.34","7,452.85","7,334.62","7,433.85","7,433.85","9,729,140,000"
"May 12, 2018","7,429.45","7,458.42","7,320.97","7,354.34","7,354.34","10,250,450,000"
"May 5, 2018","7,241.82","7,417.67","7,224.70","7,402.88","7,402.88","10,607,680,000"
"Apr 28, 2018","7,133.95","7,228.26","6,991.14","7,209.62","7,209.62","10,485,390,000"
"Apr 21, 2018","7,173.99","7,197.15","6,926.97","7,119.80","7,119.80","10,146,160,000"
"Apr 14, 2018","7,153.87","7,319.58","7,115.85","7,146.13","7,146.13","9,561,780,000"
"Apr 7, 2018","6,971.45","7,183.62","6,944.96","7,106.65","7,106.65","10,018,570,000"
"Mar 31, 2018","7,016.17","7,112.38","6,805.96","6,915.11","6,915.11","11,507,960,000"
"Mar 24, 2018","7,125.20","7,255.54","6,901.07","7,063.45","7,063.45","9,834,190,000"
"Mar 17, 2018","7,419.20","7,421.23","6,992.67","6,992.67","6,992.67","11,154,770,000"
"Mar 10, 2018","7,581.04","7,637.27","7,463.19","7,481.99","7,481.99","11,984,910,000"
"Mar 3, 2018","7,222.89","7,560.81","7,205.31","7,560.81","7,560.81","10,996,190,000"
"Feb 24, 2018","7,373.30","7,438.09","7,084.83","7,257.87","7,257.87","11,214,240,000"
"Feb 17, 2018","7,209.03","7,338.64","7,194.84","7,337.39","7,337.39","7,693,110,000"
"Feb 10, 2018","6,936.68","7,303.26","6,879.69","7,239.47","7,239.47","10,460,370,000"
"Feb 3, 2018","7,165.96","7,277.36","6,630.67","6,874.49","6,874.49","14,567,570,000"
"Jan 27, 2018","7,484.47","7,500.61","7,238.18","7,240.95","7,240.95","11,645,170,000"
"Jan 20, 2018","7,338.04","7,505.77","7,332.81","7,505.77","7,505.77","10,703,550,000"
"Jan 13, 2018","7,307.19","7,336.38","7,205.93","7,336.38","7,336.38","8,688,580,000"
"Jan 6, 2018","7,135.38","7,265.26","7,111.52","7,261.06","7,261.06","10,345,020,000"
"Dec 30, 2017","6,937.65","7,137.04","6,924.08","7,136.56","7,136.56","8,230,050,000"
"Dec 23, 2017","6,928.92","6,955.38","6,903.39","6,903.39","6,903.39","5,607,170,000"
"Dec 16, 2017","6,980.40","7,003.89","6,935.42","6,959.96","6,959.96","9,492,200,000"
"Dec 9, 2017","6,847.64","6,945.82","6,844.88","6,936.58","6,936.58","11,160,360,000"
"Dec 2, 2017","6,897.13","6,899.23","6,734.13","6,840.08","6,840.08","10,194,080,000"
"Nov 25, 2017","6,889.91","6,914.19","6,737.16","6,847.59","6,847.59","11,013,050,000"
"Nov 18, 2017","6,789.28","6,890.02","6,779.49","6,889.16","6,889.16","6,164,970,000"
"Nov 11, 2017","6,727.39","6,806.67","6,667.31","6,782.79","6,782.79","9,918,020,000"
"Nov 4, 2017","6,763.30","6,795.52","6,687.28","6,750.94","6,750.94","10,726,360,000"
"Oct 28, 2017","6,693.77","6,765.14","6,677.15","6,764.44","6,764.44","10,630,550,000"
"Oct 21, 2017","6,641.57","6,708.13","6,517.93","6,701.26","6,701.26","10,411,640,000"
"Oct 14, 2017","6,622.55","6,640.03","6,558.53","6,629.05","6,629.05","8,682,700,000"
"Oct 7, 2017","6,597.37","6,616.58","6,561.78","6,605.80","6,605.80","8,916,530,000"
"Sep 30, 2017","6,506.08","6,590.18","6,484.14","6,590.18","6,590.18","9,539,770,000"
"Sep 23, 2017","6,403.11","6,497.98","6,343.96","6,495.96","6,495.96","9,919,050,000"
"Sep 16, 2017","6,460.10","6,477.77","6,400.81","6,426.92","6,426.92","9,209,850,000"
"Sep 9, 2017","6,411.18","6,464.27","6,410.71","6,448.47","6,448.47","10,157,310,000"
"Sep 2, 2017","6,414.82","6,426.51","6,334.59","6,360.19","6,360.19","7,579,320,000"
"Aug 26, 2017","6,286.01","6,449.65","6,228.73","6,435.33","6,435.33","8,300,600,000"
"Aug 19, 2017","6,216.32","6,308.72","6,177.19","6,265.64","6,265.64","7,782,320,000"
"Aug 12, 2017","6,306.11","6,374.56","6,193.38","6,216.53","6,216.53","9,115,610,000"
"Aug 5, 2017","6,361.06","6,423.35","6,214.41","6,256.56","6,256.56","9,688,080,000"
"Jul 29, 2017","6,394.69","6,396.59","6,313.43","6,351.56","6,351.56","9,869,510,000"
"Jul 22, 2017","6,387.82","6,460.84","6,318.62","6,374.68","6,374.68","10,054,160,000"
"Jul 15, 2017","6,320.35","6,398.26","6,291.07","6,387.75","6,387.75","8,861,190,000"
"Jul 8, 2017","6,156.03","6,321.76","6,141.83","6,312.47","6,312.47","8,743,170,000"
"Jul 1, 2017","6,173.29","6,177.36","6,081.96","6,153.08","6,153.08","6,670,850,000"
"Jun 24, 2017","6,292.73","6,303.45","6,087.81","6,140.42","6,140.42","10,844,330,000"
"Jun 17, 2017","6,196.85","6,269.37","6,186.94","6,265.25","6,265.25","13,320,270,000"
"Jun 10, 2017","6,153.56","6,237.53","6,107.85","6,151.76","6,151.76","11,604,840,000"
"Jun 3, 2017","6,305.47","6,341.70","6,137.68","6,207.92","6,207.92","10,751,430,000"
"May 27, 2017","6,204.18","6,308.76","6,164.07","6,305.80","6,305.80","7,674,510,000"
"May 20, 2017","6,098.25","6,217.34","6,097.24","6,210.19","6,210.19","8,458,660,000"
"May 13, 2017","6,128.11","6,170.16","5,996.81","6,083.70","6,083.70","10,270,530,000"
"May 6, 2017","6,100.66","6,133.00","6,075.68","6,121.23","6,121.23","9,731,360,000"
"Apr 29, 2017","6,067.56","6,102.72","6,053.28","6,100.76","6,100.76","10,041,420,000"
"Apr 22, 2017","5,979.96","6,074.04","5,970.25","6,047.61","6,047.61","9,530,050,000"
"Apr 15, 2017","5,821.55","5,926.23","5,818.20","5,910.52","5,910.52","8,235,930,000"
"Apr 8, 2017","5,883.43","5,907.85","5,805.15","5,805.15","5,805.15","6,717,670,000"
"Apr 1, 2017","5,917.32","5,936.39","5,855.51","5,877.81","5,877.81","9,410,370,000"
"Mar 25, 2017","5,776.33","5,927.81","5,769.39","5,911.74","5,911.74","8,856,100,000"
"Mar 18, 2017","5,898.81","5,928.06","5,781.80","5,828.74","5,828.74","9,399,030,000"
"Mar 11, 2017","5,863.48","5,912.61","5,831.88","5,901.00","5,901.00","10,393,340,000"
"Mar 4, 2017","5,846.42","5,872.60","5,812.08","5,861.73","5,861.73","9,298,850,000"
"Feb 25, 2017","5,835.04","5,911.79","5,817.22","5,870.75","5,870.75","10,303,560,000"
"Feb 18, 2017","5,850.20","5,867.89","5,800.55","5,845.31","5,845.31","7,380,960,000"
"Feb 11, 2017","5,753.19","5,838.58","5,748.74","5,838.58","5,838.58","9,714,620,000"
"Feb 4, 2017","5,656.95","5,743.43","5,649.39","5,734.13","5,734.13","9,420,660,000"
"Jan 28, 2017","5,635.86","5,666.84","5,576.09","5,666.77","5,666.77","9,938,750,000"
"Jan 21, 2017","5,546.64","5,669.61","5,522.69","5,660.78","5,660.78","8,931,180,000"
"Jan 14, 2017","5,555.16","5,574.35","5,527.22","5,555.33","5,555.33","7,005,940,000"
"Jan 7, 2017","5,527.58","5,584.26","5,496.82","5,574.12","5,574.12","9,064,280,000"
"Dec 31, 2016","5,425.62","5,536.52","5,397.99","5,521.06","5,521.06","7,284,200,000"
"Dec 24, 2016","5,470.76","5,512.37","5,371.89","5,383.12","5,383.12","5,363,750,000"
"Dec 17, 2016","5,441.20","5,489.47","5,432.77","5,462.69","5,462.69","7,595,530,000"
"Dec 10, 2016","5,428.22","5,486.75","5,394.42","5,437.16","5,437.16","11,386,070,000"
"Dec 3, 2016","5,283.58","5,450.16","5,269.57","5,444.50","5,444.50","10,182,340,000"
"Nov 26, 2016","5,387.92","5,403.86","5,238.21","5,255.65","5,255.65","9,598,790,000"
"Nov 19, 2016","5,336.78","5,398.92","5,334.16","5,398.92","5,398.92","6,024,360,000"
"Nov 12, 2016","5,246.33","5,346.80","5,192.05","5,321.51","5,321.51","10,547,690,000"
"Nov 5, 2016","5,128.99","5,302.68","5,122.77","5,237.11","5,237.11","11,760,470,000"
"Oct 29, 2016","5,205.09","5,206.71","5,034.41","5,046.37","5,046.37","9,848,830,000"
"Oct 22, 2016","5,290.31","5,311.50","5,178.76","5,190.10","5,190.10","8,685,130,000"
"Oct 15, 2016","5,213.69","5,264.27","5,196.03","5,257.40","5,257.40","7,849,700,000"
"Oct 8, 2016","5,318.46","5,340.52","5,169.76","5,214.16","5,214.16","8,087,840,000"
"Oct 1, 2016","5,300.29","5,330.81","5,266.80","5,292.40","5,292.40","8,376,720,000"
"Sep 24, 2016","5,275.73","5,325.88","5,251.32","5,312.00","5,312.00","9,224,540,000"
"Sep 17, 2016","5,263.55","5,342.88","5,222.91","5,305.75","5,305.75","9,169,320,000"
"Sep 10, 2016","5,098.03","5,254.78","5,097.80","5,244.57","5,244.57","10,946,550,000"
"Sep 3, 2016","5,260.00","5,287.61","5,125.91","5,125.91","5,125.91","7,704,880,000"
"Aug 27, 2016","5,223.80","5,263.39","5,189.36","5,249.90","5,249.90","7,806,150,000"
"Aug 20, 2016","5,231.46","5,275.74","5,191.86","5,218.92","5,218.92","7,924,990,000"
"Aug 13, 2016","5,242.18","5,271.36","5,197.23","5,238.38","5,238.38","8,271,270,000"
"Aug 6, 2016","5,223.54","5,238.54","5,193.80","5,232.89","5,232.89","7,953,300,000"
"Jul 30, 2016","5,167.42","5,227.23","5,109.80","5,221.12","5,221.12","9,865,790,000"
"Jul 23, 2016","5,096.99","5,175.81","5,082.66","5,162.13","5,162.13","9,954,480,000"
"Jul 16, 2016","5,034.99","5,103.52","5,028.24","5,100.16","5,100.16","8,676,950,000"
"Jul 9, 2016","4,976.54","5,045.18","4,976.54","5,029.59","5,029.59","8,487,020,000"
"Jul 2, 2016","4,837.06","4,959.00","4,786.01","4,956.76","4,956.76","7,186,460,000"
"Jun 25, 2016","4,664.43","4,880.17","4,574.25","4,862.57","4,862.57","10,766,600,000"
"Jun 18, 2016","4,856.69","4,910.04","4,698.42","4,707.98","4,707.98","11,309,470,000"
"Jun 11, 2016","4,868.51","4,894.85","4,778.78","4,800.34","4,800.34","10,100,200,000"
"Jun 4, 2016","4,950.46","4,980.14","4,880.61","4,894.55","4,894.55","8,558,780,000"
"May 28, 2016","4,938.48","4,971.36","4,909.21","4,942.52","4,942.52","7,509,330,000"
"May 21, 2016","4,771.57","4,933.50","4,763.91","4,933.50","4,933.50","8,703,080,000"
"May 14, 2016","4,728.86","4,791.25","4,678.38","4,769.56","4,769.56","9,377,250,000"
"May 7, 2016","4,736.35","4,812.19","4,708.26","4,717.68","4,717.68","8,872,810,000"
"Apr 30, 2016","4,786.55","4,821.57","4,684.28","4,736.16","4,736.16","9,564,750,000"
"Apr 23, 2016","4,891.48","4,915.00","4,740.84","4,775.36","4,775.36","9,883,930,000"
"Apr 16, 2016","4,919.36","4,969.32","4,872.02","4,906.23","4,906.23","9,054,970,000"
"Apr 9, 2016","4,873.39","4,961.30","4,808.91","4,938.22","4,938.22","8,571,870,000"
"Apr 2, 2016","4,911.21","4,921.51","4,831.49","4,850.69","4,850.69","8,691,280,000"
"Mar 26, 2016","4,785.25","4,917.09","4,749.78","4,914.54","4,914.54","8,491,830,000"
"Mar 19, 2016","4,787.31","4,835.60","4,734.77","4,773.50","4,773.50","6,529,050,000"
"Mar 12, 2016","4,733.39","4,804.58","4,712.07","4,795.65","4,795.65","9,824,810,000"
"Mar 5, 2016","4,690.88","4,748.79","4,607.99","4,748.47","4,748.47","9,605,260,000"
"Feb 27, 2016","4,585.30","4,746.65","4,557.46","4,717.02","4,717.02","10,165,440,000"
"Feb 20, 2016","4,548.31","4,618.85","4,425.72","4,590.47","4,590.47","9,032,710,000"
"Feb 13, 2016","4,397.95","4,548.47","4,376.52","4,504.43","4,504.43","8,274,000,000"
"Feb 6, 2016","4,288.02","4,369.62","4,209.76","4,337.51","4,337.51","12,411,760,000"
"Jan 30, 2016","4,587.59","4,636.93","4,350.37","4,363.14","4,363.14","11,324,920,000"
"Jan 23, 2016","4,574.59","4,613.95","4,447.50","4,613.95","4,613.95","11,065,630,000"
"Jan 16, 2016","4,548.05","4,591.18","4,313.39","4,591.18","4,591.18","10,199,770,000"
"Jan 9, 2016","4,673.44","4,714.80","4,419.41","4,488.42","4,488.42","12,455,970,000"
"Jan 2, 2016","4,897.65","4,926.73","4,637.85","4,643.63","4,643.63","11,155,760,000"
"Dec 26, 2015","5,032.29","5,116.99","4,999.07","5,007.41","5,007.41","5,379,130,000"
"Dec 19, 2015","4,957.53","5,063.28","4,928.93","5,048.49","5,048.49","5,528,440,000"
"Dec 12, 2015","4,932.61","5,088.58","4,871.59","4,923.08","4,923.08","11,969,810,000"
"Dec 5, 2015","5,139.46","5,139.78","4,928.67","4,933.47","4,933.47","9,659,060,000"
"Nov 28, 2015","5,139.58","5,176.77","5,011.72","5,142.27","5,142.27","10,326,050,000"
"Nov 21, 2015","5,106.72","5,134.35","5,050.14","5,127.52","5,127.52","5,946,230,000"
"Nov 14, 2015","4,916.14","5,112.46","4,908.66","5,104.92","5,104.92","9,259,030,000"
"Nov 7, 2015","5,128.94","5,133.44","4,925.35","4,927.88","4,927.88","9,251,210,000"
"Oct 31, 2015","5,065.64","5,163.47","5,061.47","5,147.12","5,147.12","10,133,840,000"
"Oct 24, 2015","5,030.80","5,095.69","5,009.07","5,053.75","5,053.75","9,831,360,000"
"Oct 17, 2015","4,873.54","5,048.55","4,836.46","5,031.86","5,031.86","9,561,320,000"
"Oct 10, 2015","4,839.79","4,886.95","4,771.62","4,886.69","4,886.69","8,609,530,000"
"Oct 3, 2015","4,742.13","4,841.38","4,711.79","4,830.47","4,830.47","10,028,720,000"
"Sep 26, 2015","4,665.06","4,707.78","4,487.06","4,707.78","4,707.78","11,396,720,000"
"Sep 19, 2015","4,851.98","4,881.46","4,659.48","4,686.50","4,686.50","9,717,090,000"
"Sep 12, 2015","4,831.98","4,960.87","4,791.08","4,827.23","4,827.23","9,885,240,000"
"Sep 5, 2015","4,769.72","4,862.88","4,746.52","4,822.34","4,822.34","7,261,310,000"
"Aug 29, 2015","4,798.68","4,824.61","4,614.91","4,683.92","4,683.92","9,399,880,000"
"Aug 22, 2015","4,351.61","4,836.78","4,292.14","4,828.32","4,828.32","13,058,720,000"
"Aug 15, 2015","5,032.34","5,092.69","4,706.04","4,706.04","4,706.04","9,653,290,000"
"Aug 8, 2015","5,081.72","5,112.47","4,945.79","5,048.24","5,048.24","8,906,700,000"
"Aug 1, 2015","5,134.34","5,175.26","5,006.15","5,043.54","5,043.54","9,950,580,000"
"Jul 25, 2015","5,055.92","5,155.02","5,025.61","5,128.28","5,128.28","9,692,820,000"
"Jul 18, 2015","5,223.18","5,231.94","5,084.51","5,088.63","5,088.63","9,632,170,000"
"Jul 11, 2015","5,037.27","5,210.16","5,036.68","5,210.14","5,210.14","8,746,130,000"
"Jul 4, 2015","4,963.80","5,020.71","4,901.51","4,997.70","4,997.70","9,256,930,000"
"Jun 27, 2015","5,021.21","5,051.01","4,956.23","5,009.21","5,009.21","7,365,380,000"
"Jun 20, 2015","5,147.87","5,164.36","5,060.82","5,080.51","5,080.51","10,320,880,000"
"Jun 13, 2015","5,011.79","5,143.32","4,985.94","5,117.00","5,117.00","9,504,150,000"
"Jun 6, 2015","5,066.65","5,101.39","4,974.62","5,051.10","5,051.10","8,312,380,000"
"May 30, 2015","5,094.94","5,114.60","5,025.52","5,068.46","5,068.46","9,141,400,000"
"May 23, 2015","5,076.91","5,111.54","5,016.74","5,070.03","5,070.03","7,307,090,000"
"May 16, 2015","5,040.92","5,103.84","5,037.54","5,089.36","5,089.36","8,410,270,000"
"May 9, 2015","5,003.26","5,062.65","4,931.60","5,048.29","5,048.29","8,518,750,000"
"May 2, 2015","5,018.35","5,043.62","4,888.17","5,003.55","5,003.55","9,904,030,000"
"Apr 25, 2015","5,104.36","5,119.83","4,921.55","5,005.39","5,005.39","10,199,960,000"
"Apr 18, 2015","4,958.07","5,100.37","4,952.68","5,092.08","5,092.08","8,817,750,000"
"Apr 11, 2015","5,001.55","5,024.25","4,912.33","4,931.81","4,931.81","8,559,120,000"
"Apr 4, 2015","4,855.94","4,996.08","4,852.91","4,995.98","4,995.98","8,248,700,000"
"Mar 28, 2015","4,921.78","4,948.46","4,844.39","4,886.94","4,886.94","7,054,810,000"
"Mar 21, 2015","5,020.60","5,032.48","4,825.93","4,891.22","4,891.22","9,123,680,000"
"Mar 14, 2015","4,897.27","5,042.14","4,889.09","5,026.42","5,026.42","9,922,060,000"
"Mar 7, 2015","4,936.08","4,950.47","4,842.80","4,871.76","4,871.76","9,125,060,000"
"Feb 28, 2015","4,973.43","5,008.57","4,918.63","4,927.37","4,927.37","9,417,260,000"
"Feb 21, 2015","4,953.10","4,989.25","4,939.56","4,963.53","4,963.53","9,299,440,000"
"Feb 14, 2015","4,889.99","4,957.02","4,880.64","4,955.97","4,955.97","6,790,320,000"
"Feb 7, 2015","4,723.73","4,893.84","4,719.61","4,893.84","4,893.84","9,239,750,000"
"Jan 31, 2015","4,650.60","4,787.18","4,580.46","4,744.40","4,744.40","10,443,580,000"
"Jan 24, 2015","4,752.36","4,774.18","4,601.76","4,635.24","4,635.24","10,165,290,000"
"Jan 17, 2015","4,655.84","4,771.18","4,601.10","4,757.88","4,757.88","7,332,840,000"
"Jan 10, 2015","4,714.07","4,751.34","4,563.11","4,634.38","4,634.38","10,044,730,000"
"Jan 3, 2015","4,700.34","4,744.71","4,567.59","4,704.07","4,704.07","9,741,020,000"
"Dec 27, 2014","4,801.26","4,813.72","4,698.11","4,726.81","4,726.81","5,447,690,000"
"Dec 20, 2014","4,759.04","4,814.95","4,757.80","4,806.86","4,806.86","4,970,860,000"
"Dec 13, 2014","4,679.67","4,782.13","4,547.31","4,765.38","4,765.38","12,115,390,000"
"Dec 6, 2014","4,769.76","4,793.24","4,653.60","4,653.60","4,653.60","9,529,830,000"
"Nov 29, 2014","4,777.73","4,788.98","4,724.62","4,780.76","4,780.76","8,958,470,000"
"Nov 22, 2014","4,725.17","4,810.86","4,723.62","4,791.63","4,791.63","5,649,800,000"
"Nov 15, 2014","4,678.44","4,751.60","4,653.33","4,712.97","4,712.97","8,514,060,000"
"Nov 8, 2014","4,635.10","4,703.10","4,626.49","4,688.54","4,688.54","8,864,290,000"
"Nov 1, 2014","4,633.71","4,654.19","4,594.92","4,632.53","4,632.53","9,939,840,000"
"Oct 25, 2014","4,469.02","4,641.51","4,450.29","4,630.74","4,630.74","10,195,870,000"
"Oct 18, 2014","4,254.16","4,486.26","4,248.22","4,483.72","4,483.72","9,388,650,000"
"Oct 11, 2014","4,274.91","4,303.82","4,116.60","4,258.44","4,258.44","12,874,700,000"
"Oct 4, 2014","4,492.40","4,496.26","4,276.24","4,276.24","4,276.24","11,421,200,000"
"Sep 27, 2014","4,465.84","4,522.06","4,367.74","4,475.62","4,475.62","10,193,900,000"
"Sep 20, 2014","4,568.45","4,568.87","4,466.64","4,512.19","4,512.19","9,071,600,000"
"Sep 13, 2014","4,567.45","4,610.57","4,499.87","4,579.79","4,579.79","10,569,910,000"
"Sep 6, 2014","4,579.06","4,600.40","4,544.44","4,567.60","4,567.60","8,924,430,000"
"Aug 30, 2014","4,592.42","4,610.14","4,542.74","4,582.90","4,582.90","7,127,060,000"
"Aug 23, 2014","4,563.72","4,580.27","4,546.62","4,580.27","4,580.27","6,906,120,000"
"Aug 16, 2014","4,490.53","4,547.24","4,486.44","4,538.55","4,538.55","7,363,490,000"
"Aug 9, 2014","4,387.38","4,482.47","4,371.84","4,464.93","4,464.93","8,059,070,000"
"Aug 2, 2014","4,365.62","4,395.38","4,321.89","4,370.90","4,370.90","9,038,280,000"
"Jul 26, 2014","4,451.12","4,476.06","4,324.02","4,352.64","4,352.64","10,070,210,000"
"Jul 19, 2014","4,421.20","4,485.50","4,404.51","4,449.56","4,449.56","8,838,590,000"
"Jul 12, 2014","4,441.39","4,451.93","4,352.23","4,432.15","4,432.15","9,289,850,000"
"Jul 5, 2014","4,477.74","4,478.02","4,351.04","4,415.49","4,415.49","8,844,340,000"
"Jun 28, 2014","4,398.37","4,485.93","4,396.59","4,485.93","4,485.93","6,391,870,000"
"Jun 21, 2014","4,368.96","4,399.87","4,339.41","4,397.93","4,397.93","10,969,450,000"
"Jun 14, 2014","4,303.93","4,372.18","4,296.26","4,368.04","4,368.04","9,916,980,000"
"Jun 7, 2014","4,324.35","4,346.74","4,284.53","4,310.65","4,310.65","9,011,390,000"
"May 31, 2014","4,247.96","4,322.51","4,207.61","4,321.40","4,321.40","8,503,440,000"
"May 24, 2014","4,206.44","4,252.08","4,204.72","4,242.62","4,242.62","7,215,130,000"
"May 17, 2014","4,080.33","4,186.58","4,075.70","4,185.81","4,185.81","8,475,230,000"
"May 10, 2014","4,092.84","4,155.13","4,035.96","4,090.59","4,090.59","9,392,030,000"
"May 3, 2014","4,099.25","4,138.34","4,021.05","4,071.87","4,071.87","10,285,910,000"
"Apr 26, 2014","4,091.81","4,149.56","4,014.17","4,123.90","4,123.90","10,332,790,000"
"Apr 19, 2014","4,105.37","4,177.16","4,068.10","4,075.56","4,075.56","9,433,140,000"
"Apr 12, 2014","4,038.06","4,110.46","3,946.03","4,095.52","4,095.52","8,121,420,000"
"Apr 5, 2014","4,110.92","4,185.19","3,991.64","3,999.73","3,999.73","11,396,830,000"
"Mar 29, 2014","4,185.63","4,286.09","4,118.71","4,127.73","4,127.73","11,119,720,000"
"Mar 22, 2014","4,289.49","4,289.49","4,131.81","4,155.76","4,155.76","11,461,360,000"
"Mar 15, 2014","4,274.22","4,344.39","4,268.34","4,276.79","4,276.79","10,859,060,000"
"Mar 8, 2014","4,332.62","4,354.43","4,241.94","4,245.40","4,245.40","11,301,760,000"
"Mar 1, 2014","4,261.42","4,371.71","4,239.65","4,336.22","4,336.22","11,083,150,000"
"Feb 22, 2014","4,273.32","4,342.59","4,272.11","4,308.12","4,308.12","11,073,610,000"
"Feb 15, 2014","4,253.71","4,284.85","4,226.75","4,263.41","4,263.41","7,973,960,000"
"Feb 8, 2014","4,125.12","4,250.91","4,122.61","4,244.02","4,244.02","9,973,310,000"
"Feb 1, 2014","4,105.06","4,126.51","3,968.19","4,125.86","4,125.86","10,957,300,000"
"Jan 25, 2014","4,132.22","4,136.46","4,044.76","4,103.88","4,103.88","11,190,290,000"
"Jan 18, 2014","4,222.98","4,246.55","4,128.17","4,128.17","4,128.17","8,742,390,000"
"Jan 11, 2014","4,167.41","4,219.28","4,097.99","4,197.58","4,197.58","10,614,510,000"
"Jan 4, 2014","4,137.03","4,182.74","4,103.75","4,174.67","4,174.67","11,274,120,000"
"Dec 28, 2013","4,153.58","4,177.73","4,124.96","4,131.91","4,131.91","6,156,910,000"
"Dec 21, 2013","4,136.15","4,175.36","4,127.72","4,156.59","4,156.59","5,017,360,000"
"Dec 14, 2013","4,019.37","4,111.93","3,979.59","4,104.74","4,104.74","11,306,760,000"
"Dec 7, 2013","4,073.75","4,081.78","3,992.29","4,000.98","4,000.98","9,014,110,000"
"Nov 30, 2013","4,065.66","4,069.86","4,004.76","4,062.52","4,062.52","9,050,440,000"
"Nov 23, 2013","4,004.37","4,069.70","3,987.16","4,059.89","4,059.89","6,033,960,000"
"Nov 16, 2013","3,990.06","3,994.97","3,911.61","3,991.65","3,991.65","8,713,400,000"
"Nov 9, 2013","3,913.64","3,985.97","3,899.31","3,985.97","3,985.97","9,063,920,000"
"Nov 2, 2013","3,932.60","3,955.97","3,855.07","3,919.23","3,919.23","10,057,730,000"
"Oct 26, 2013","3,942.56","3,966.71","3,904.20","3,922.04","3,922.04","9,814,300,000"
"Oct 19, 2013","3,922.65","3,961.10","3,887.67","3,943.36","3,943.36","9,760,130,000"
"Oct 12, 2013","3,767.49","3,914.93","3,766.28","3,914.28","3,914.28","8,862,950,000"
"Oct 5, 2013","3,776.64","3,800.08","3,650.03","3,791.87","3,791.87","9,459,030,000"
"Sep 28, 2013","3,737.60","3,819.28","3,734.74","3,807.75","3,807.75","8,966,000,000"
"Sep 21, 2013","3,786.84","3,795.72","3,745.54","3,781.59","3,781.59","8,879,040,000"
"Sep 14, 2013","3,755.00","3,798.76","3,712.47","3,774.73","3,774.73","9,197,370,000"
"Sep 7, 2013","3,675.12","3,731.84","3,675.12","3,722.18","3,722.18","8,343,290,000"
"Aug 31, 2013","3,622.64","3,677.07","3,593.62","3,660.01","3,660.01","6,682,280,000"
"Aug 24, 2013","3,661.81","3,684.22","3,573.57","3,589.87","3,589.87","7,088,140,000"
"Aug 17, 2013","3,601.88","3,660.66","3,589.02","3,657.79","3,657.79","6,555,130,000"
"Aug 10, 2013","3,645.78","3,691.06","3,598.65","3,602.78","3,602.78","7,919,460,000"
"Aug 3, 2013","3,682.67","3,694.19","3,633.59","3,660.11","3,660.11","7,825,360,000"
"Jul 27, 2013","3,604.29","3,689.59","3,592.80","3,689.59","3,689.59","8,798,240,000"
"Jul 20, 2013","3,599.87","3,613.33","3,573.53","3,613.16","3,613.16","8,984,050,000"
"Jul 13, 2013","3,601.09","3,624.54","3,578.57","3,587.61","3,587.61","8,108,860,000"
"Jul 6, 2013","3,493.81","3,600.08","3,475.39","3,600.08","3,600.08","8,082,610,000"
"Jun 29, 2013","3,430.48","3,479.46","3,415.23","3,479.38","3,479.38","5,462,320,000"
"Jun 22, 2013","3,326.38","3,422.20","3,294.95","3,403.25","3,403.25","10,679,730,000"
"Jun 15, 2013","3,449.97","3,488.31","3,326.86","3,357.25","3,357.25","9,869,520,000"
"Jun 8, 2013","3,475.68","3,484.81","3,387.61","3,423.56","3,423.56","7,789,860,000"
"Jun 1, 2013","3,460.76","3,482.75","3,378.24","3,469.22","3,469.22","9,189,140,000"
"May 25, 2013","3,497.90","3,514.80","3,450.40","3,455.91","3,455.91","7,248,310,000"
"May 18, 2013","3,490.46","3,532.04","3,422.51","3,459.14","3,459.14","8,971,250,000"
"May 11, 2013","3,429.53","3,499.20","3,426.67","3,498.97","3,498.97","9,054,310,000"
"May 4, 2013","3,382.33","3,436.60","3,381.04","3,436.58","3,436.58","8,482,560,000"
"Apr 27, 2013","3,290.31","3,388.12","3,289.42","3,378.63","3,378.63","8,966,030,000"
"Apr 20, 2013","3,217.40","3,301.28","3,198.74","3,279.26","3,279.26","8,785,900,000"
"Apr 13, 2013","3,277.58","3,283.40","3,154.96","3,206.06","3,206.06","8,702,300,000"
"Apr 6, 2013","3,207.15","3,306.95","3,195.57","3,294.95","3,294.95","7,891,870,000"
"Mar 30, 2013","3,268.63","3,270.23","3,168.88","3,203.86","3,203.86","7,945,880,000"
"Mar 23, 2013","3,255.85","3,270.30","3,222.48","3,267.52","3,267.52","6,167,440,000"
"Mar 16, 2013","3,215.71","3,257.99","3,205.42","3,245.00","3,245.00","8,213,930,000"
"Mar 9, 2013","3,237.74","3,260.62","3,229.92","3,249.07","3,249.07","8,836,400,000"
"Mar 2, 2013","3,159.46","3,248.70","3,154.79","3,244.37","3,244.37","8,661,160,000"
"Feb 23, 2013","3,180.59","3,186.25","3,105.36","3,169.74","3,169.74","9,398,780,000"
"Feb 16, 2013","3,197.46","3,213.60","3,118.62","3,161.82","3,161.82","7,479,770,000"
"Feb 9, 2013","3,192.53","3,206.21","3,182.19","3,192.03","3,192.03","8,944,190,000"
"Feb 2, 2013","3,161.72","3,196.89","3,130.57","3,193.87","3,193.87","9,800,010,000"
"Jan 26, 2013","3,152.17","3,183.14","3,133.11","3,179.10","3,179.10","10,204,380,000"
"Jan 19, 2013","3,135.63","3,161.06","3,121.54","3,149.71","3,149.71","7,456,160,000"
"Jan 12, 2013","3,113.65","3,144.05","3,093.32","3,134.71","3,134.71","9,047,880,000"
"Jan 5, 2013","3,089.17","3,127.72","3,076.60","3,125.63","3,125.63","8,706,270,000"
"Dec 29, 2012","2,955.45","3,118.18","2,953.52","3,101.66","3,101.66","7,183,090,000"
"Dec 22, 2012","3,013.89","3,018.65","2,951.04","2,960.31","2,960.31","4,159,740,000"
"Dec 15, 2012","2,975.50","3,061.82","2,973.54","3,021.01","3,021.01","10,401,100,000"
"Dec 8, 2012","2,973.19","3,035.19","2,963.80","2,971.33","2,971.33","8,827,480,000"
"Dec 1, 2012","3,029.21","3,030.28","2,958.26","2,978.04","2,978.04","8,576,940,000"
"Nov 24, 2012","2,961.02","3,017.18","2,935.88","3,010.24","3,010.24","9,083,260,000"
"Nov 17, 2012","2,886.00","2,967.19","2,884.75","2,966.85","2,966.85","5,578,800,000"
"Nov 10, 2012","2,916.38","2,920.01","2,810.80","2,853.13","2,853.13","9,500,120,000"
"Nov 3, 2012","2,983.03","3,024.44","2,889.81","2,904.87","2,904.87","9,017,330,000"
"Oct 27, 2012","2,986.85","3,033.85","2,964.94","2,982.13","2,982.13","5,521,510,000"
"Oct 20, 2012","3,005.92","3,020.61","2,961.16","2,987.95","2,987.95","9,214,330,000"
"Oct 13, 2012","3,053.21","3,112.45","3,000.27","3,005.62","3,005.62","9,340,160,000"
"Oct 6, 2012","3,121.33","3,125.49","3,039.58","3,044.11","3,044.11","7,740,830,000"
"Sep 29, 2012","3,130.31","3,171.46","3,101.64","3,136.19","3,136.19","8,264,920,000"
"Sep 22, 2012","3,155.35","3,176.30","3,080.28","3,116.23","3,116.23","8,974,780,000"
"Sep 15, 2012","3,183.40","3,196.93","3,156.46","3,179.96","3,179.96","9,378,890,000"
"Sep 8, 2012","3,131.34","3,195.67","3,098.82","3,183.95","3,183.95","8,705,530,000"
"Sep 1, 2012","3,063.25","3,139.61","3,040.24","3,136.42","3,136.42","6,660,530,000"
"Aug 25, 2012","3,083.62","3,087.24","3,040.59","3,066.96","3,066.96","6,642,570,000"
"Aug 18, 2012","3,072.66","3,100.54","3,042.22","3,069.79","3,069.79","7,218,500,000"
"Aug 11, 2012","3,018.27","3,076.72","2,999.12","3,076.59","3,076.59","8,036,010,000"
"Aug 4, 2012","2,978.16","3,028.61","2,974.23","3,020.86","3,020.86","8,536,510,000"
"Jul 28, 2012","2,959.07","2,977.41","2,890.85","2,967.90","2,967.90","8,560,790,000"
"Jul 21, 2012","2,877.51","2,961.87","2,839.76","2,958.09","2,958.09","9,223,830,000"
"Jul 14, 2012","2,903.03","2,976.22","2,871.65","2,925.30","2,925.30","8,552,010,000"
"Jul 7, 2012","2,934.49","2,953.47","2,837.72","2,908.47","2,908.47","7,909,430,000"
"Jun 30, 2012","2,938.41","2,987.94","2,921.37","2,937.33","2,937.33","5,715,980,000"
"Jun 23, 2012","2,863.89","2,935.13","2,818.19","2,935.05","2,935.05","8,623,210,000"
"Jun 16, 2012","2,872.49","2,942.28","2,853.86","2,892.42","2,892.42","10,350,960,000"
"Jun 9, 2012","2,882.49","2,882.96","2,802.38","2,872.80","2,872.80","8,330,080,000"
"Jun 2, 2012","2,747.61","2,873.59","2,726.68","2,858.42","2,858.42","8,188,030,000"
"May 26, 2012","2,853.27","2,882.83","2,747.24","2,747.48","2,747.48","6,038,970,000"
"May 19, 2012","2,782.55","2,867.34","2,774.76","2,837.53","2,837.53","8,694,880,000"
"May 12, 2012","2,907.78","2,930.68","2,774.45","2,778.79","2,778.79","10,153,000,000"
"May 5, 2012","2,940.41","2,970.20","2,900.06","2,933.82","2,933.82","9,702,890,000"
"Apr 28, 2012","3,060.06","3,085.40","2,956.34","2,956.34","2,956.34","9,125,730,000"
"Apr 21, 2012","2,969.00","3,076.44","2,946.04","3,069.20","3,069.20","8,720,790,000"
"Apr 14, 2012","3,027.57","3,058.72","2,975.87","3,000.45","3,000.45","8,675,860,000"
"Apr 7, 2012","3,037.28","3,059.26","2,987.00","3,011.33","3,011.33","7,829,820,000"
"Mar 31, 2012","3,085.94","3,128.25","3,052.58","3,080.50","3,080.50","6,934,350,000"
"Mar 24, 2012","3,090.52","3,134.17","3,069.81","3,091.57","3,091.57","8,644,950,000"
"Mar 17, 2012","3,057.24","3,090.08","3,044.67","3,067.92","3,067.92","7,563,120,000"
"Mar 10, 2012","2,989.05","3,060.82","2,973.65","3,055.26","3,055.26","8,480,010,000"
"Mar 3, 2012","2,969.73","2,993.98","2,900.28","2,988.34","2,988.34","8,339,410,000"
"Feb 25, 2012","2,945.87","3,000.11","2,933.30","2,976.19","2,976.19","9,405,150,000"
"Feb 18, 2012","2,957.30","2,970.88","2,922.96","2,963.75","2,963.75","6,939,420,000"
"Feb 11, 2012","2,926.21","2,962.78","2,911.33","2,951.78","2,951.78","9,459,720,000"
"Feb 4, 2012","2,892.52","2,930.68","2,885.17","2,903.88","2,903.88","9,390,950,000"
"Jan 28, 2012","2,790.40","2,908.13","2,782.44","2,905.66","2,905.66","9,647,560,000"
"Jan 21, 2012","2,786.21","2,834.30","2,766.34","2,816.55","2,816.55","8,897,990,000"
"Jan 14, 2012","2,736.34","2,793.35","2,721.03","2,786.70","2,786.70","7,542,760,000"
"Jan 7, 2012","2,682.98","2,726.43","2,662.96","2,710.67","2,710.67","8,602,750,000"
"Dec 31, 2011","2,657.39","2,682.12","2,627.23","2,674.22","2,674.22","6,826,880,000"
"Dec 24, 2011","2,613.51","2,633.34","2,586.85","2,605.15","2,605.15","4,083,690,000"
"Dec 17, 2011","2,564.07","2,618.84","2,518.01","2,618.64","2,618.64","7,726,090,000"
"Dec 10, 2011","2,617.32","2,639.74","2,525.88","2,555.33","2,555.33","9,531,970,000"
"Dec 3, 2011","2,666.47","2,674.53","2,592.55","2,646.85","2,646.85","8,346,150,000"
"Nov 26, 2011","2,509.63","2,659.23","2,507.72","2,626.93","2,626.93","9,180,160,000"
"Nov 19, 2011","2,535.34","2,539.87","2,441.48","2,441.51","2,441.51","6,240,100,000"
"Nov 12, 2011","2,671.11","2,695.87","2,567.15","2,572.50","2,572.50","9,011,380,000"
"Nov 5, 2011","2,683.38","2,730.39","2,601.79","2,678.75","2,678.75","9,202,160,000"
"Oct 29, 2011","2,705.89","2,716.70","2,597.16","2,686.15","2,686.15","10,025,560,000"
"Oct 22, 2011","2,644.83","2,753.37","2,598.74","2,737.15","2,737.15","10,430,080,000"
"Oct 15, 2011","2,653.32","2,667.57","2,557.17","2,637.46","2,637.46","9,647,210,000"
"Oct 8, 2011","2,522.72","2,667.85","2,519.78","2,667.85","2,667.85","8,542,910,000"
"Oct 1, 2011","2,401.19","2,512.14","2,298.89","2,479.35","2,479.35","12,395,070,000"
"Sep 24, 2011","2,496.98","2,590.94","2,415.07","2,415.40","2,415.40","10,339,380,000"
"Sep 17, 2011","2,584.35","2,643.37","2,420.23","2,483.23","2,483.23","10,873,320,000"
"Sep 10, 2011","2,442.86","2,627.28","2,438.40","2,622.31","2,622.31","10,906,970,000"
"Sep 3, 2011","2,417.61","2,568.45","2,414.31","2,467.99","2,467.99","7,562,830,000"
"Aug 27, 2011","2,510.99","2,611.58","2,469.35","2,480.33","2,480.33","8,796,770,000"
"Aug 20, 2011","2,396.88","2,486.04","2,337.28","2,479.85","2,479.85","9,634,500,000"
"Aug 13, 2011","2,522.04","2,555.20","2,338.66","2,341.84","2,341.84","11,094,420,000"
"Aug 6, 2011","2,447.30","2,524.09","2,331.65","2,507.98","2,507.98","16,554,660,000"
"Jul 30, 2011","2,791.45","2,796.24","2,464.87","2,532.41","2,532.41","14,211,490,000"
"Jul 23, 2011","2,832.11","2,859.40","2,724.99","2,756.38","2,756.38","10,088,920,000"
"Jul 16, 2011","2,777.61","2,862.72","2,743.79","2,858.83","2,858.83","9,448,020,000"
"Jul 9, 2011","2,828.10","2,841.12","2,755.90","2,789.80","2,789.80","9,417,720,000"
"Jul 2, 2011","2,817.87","2,878.94","2,810.00","2,859.81","2,859.81","6,681,940,000"
"Jun 25, 2011","2,653.07","2,818.19","2,647.55","2,816.03","2,816.03","8,703,330,000"
"Jun 18, 2011","2,608.05","2,693.23","2,607.74","2,652.89","2,652.89","10,029,030,000"
"Jun 11, 2011","2,649.30","2,685.65","2,599.86","2,616.48","2,616.48","9,882,720,000"
"Jun 4, 2011","2,728.31","2,736.66","2,641.64","2,643.73","2,643.73","9,491,730,000"
"May 28, 2011","2,824.25","2,835.34","2,730.63","2,732.78","2,732.78","8,560,370,000"
"May 21, 2011","2,761.96","2,801.15","2,739.85","2,796.86","2,796.86","9,111,280,000"
"May 14, 2011","2,815.90","2,828.41","2,759.29","2,803.32","2,803.32","9,695,140,000"
"May 7, 2011","2,828.24","2,874.61","2,819.37","2,828.47","2,828.47","10,052,580,000"
"Apr 30, 2011","2,881.28","2,887.75","2,804.82","2,827.56","2,827.56","10,758,020,000"
"Apr 23, 2011","2,820.28","2,876.83","2,813.20","2,873.54","2,873.54","10,049,000,000"
"Apr 16, 2011","2,731.22","2,820.77","2,706.50","2,820.16","2,820.16","7,651,140,000"
"Apr 9, 2011","2,789.49","2,792.95","2,733.68","2,764.65","2,764.65","9,119,440,000"
"Apr 2, 2011","2,796.26","2,815.55","2,771.42","2,780.42","2,780.42","9,114,900,000"
"Mar 26, 2011","2,752.33","2,802.63","2,720.19","2,789.60","2,789.60","9,105,370,000"
"Mar 19, 2011","2,675.47","2,762.55","2,660.17","2,743.06","2,743.06","8,990,190,000"
"Mar 12, 2011","2,695.66","2,715.22","2,603.50","2,643.67","2,643.67","10,719,160,000"
"Mar 5, 2011","2,793.19","2,794.82","2,689.41","2,715.61","2,715.61","10,237,350,000"
"Feb 26, 2011","2,791.28","2,802.32","2,730.72","2,784.67","2,784.67","10,097,540,000"
"Feb 19, 2011","2,795.44","2,808.18","2,705.54","2,781.05","2,781.05","8,674,360,000"
"Feb 12, 2011","2,810.19","2,840.51","2,798.83","2,833.95","2,833.95","10,296,760,000"
"Feb 5, 2011","2,773.26","2,810.56","2,762.34","2,809.44","2,809.44","10,066,160,000"
"Jan 29, 2011","2,693.30","2,769.70","2,676.87","2,769.30","2,769.30","10,130,870,000"
"Jan 22, 2011","2,693.03","2,763.64","2,679.57","2,686.89","2,686.89","10,230,520,000"
"Jan 15, 2011","2,744.80","2,766.17","2,686.59","2,689.54","2,689.54","8,391,330,000"
"Jan 8, 2011","2,691.47","2,755.30","2,682.25","2,755.30","2,755.30","9,580,040,000"
"Jan 1, 2011","2,676.65","2,715.96","2,663.64","2,703.17","2,703.17","10,067,560,000"